"sku","name","category","subcategory","price","compare_price","stock","reserved_stock","status","is_featured","image_url","website_link","material","finish","tags_summary","updated_at","image_1","image_2","image_3","restock_note",""
"601013","Aqua Glass Rectangle Pendant – Artificial Yellow Gold","Pendants","","549","999","3","0","Enabled","No","https://www.kaapav.com/web/image/product.template/642/image_1920?unique=870465f","https://www.kaapav.com/shop/all-jewellery-pendant-22/0601013-aqua-glass-rectangle-pendant-artificial-yellow-gold-642","Anti-Tarnish Artificial Jewellery","Fast Moving","2026-08-02 09:21:26","https://www.kaapav.com/web/image/product.template/642/image_1920?unique=870465f","https://pub-e8a17aa027ff420f83623e808512141f.r2.dev/1778334259010_0601013 (2).jpg","","","",""
"301013","Bezel-Set Crystal Oval Pendant Necklace - Artificial Yellow Gold","Necklaces","","549","999","1","0","Enabled","No","https://www.kaapav.com/web/image/product.template/518/image_1920?unique=5fec214","https://www.kaapav.com/shop/all-jewellery-necklace-19/0301013-bezel-set-crystal-oval-pendant-necklace-artificial-yellow-gold-518","Anti-Tarnish Artificial Jewellery","","2026-08-02 09:21:04","https://www.kaapav.com/web/image/product.template/518/image_1920?unique=5fec214","https://pub-e8a17aa027ff420f83623e808512141f.r2.dev/1778332484466_0301013 (2).jpg","","","",""
"0202001","Black & White Circle Bracelet – Artificial Rose Gold","Bracelets","","549","999","4","0","Enabled","No","https://pub-e8a17aa027ff420f83623e808512141f.r2.dev/1778326114250_0202001.jpg","https://www.kaapav.com/shop/all-jewellery-bracelets-13/0202001-black-white-circle-bracelet-artificial-rose-gold-479","","Bestseller","2026-08-02 09:20:19","https://pub-e8a17aa027ff420f83623e808512141f.r2.dev/1778326114250_0202001.jpg","https://pub-e8a17aa027ff420f83623e808512141f.r2.dev/1778326113736_0202001 (2).jpg","","","",""
"501010","Black and Clear Cubic Zirconia Double Flower Stud Earrings - Artificial Yellow Gold","Earrings","","299","499","2","0","Enabled","No","https://www.kaapav.com/web/image/product.template/571/image_1920?unique=6b01ca7","https://www.kaapav.com/shop/all-jewellery-earrings-21/0501010-black-and-clear-cubic-zirconia-double-flower-stud-earrings-artificial-yellow-gold-571","Anti-Tarnish Artificial Jewellery","","2026-08-02 09:20:44","https://www.kaapav.com/web/image/product.template/571/image_1920?unique=6b01ca7","https://pub-e8a17aa027ff420f83623e808512141f.r2.dev/1778330794781_0501010 (2).jpg","","","",""
"501012","Black and Clear Cubic Zirconia Floral Stud Earrings - Artificial Yellow Gold","Earrings","","299","499","2","0","Enabled","No","https://www.kaapav.com/web/image/product.template/573/image_1920?unique=5804094","https://www.kaapav.com/shop/all-jewellery-earrings-21/0501012-black-and-clear-cubic-zirconia-floral-stud-earrings-artificial-yellow-gold-573","Anti-Tarnish Artificial Jewellery","","2026-08-02 09:20:44","https://www.kaapav.com/web/image/product.template/573/image_1920?unique=5804094","https://pub-e8a17aa027ff420f83623e808512141f.r2.dev/1778330854376_0501012 (2).jpg","","","",""
"802008","Blossom Circle Floral Pendant Set – Artificial Rose Gold","Sets","","799","1499","4","0","Enabled","No","https://www.kaapav.com/web/image/product.template/652/image_1920?unique=737656e","https://www.kaapav.com/shop/all-jewellery-earring-pendant-sets-23/0802008-blossom-circle-floral-pendant-set-artificial-rose-gold-652","Anti-Tarnish Artificial Jewellery","Trending","2026-08-02 09:22:40","https://www.kaapav.com/web/image/product.template/652/image_1920?unique=737656e","https://pub-e8a17aa027ff420f83623e808512141f.r2.dev/1778336452520_0802008 (2).jpg","","","",""
"802009","Blue Butterfly Bloom Pendant Set – Artificial Rose Gold","Sets","","799","1499","3","0","Enabled","No","https://www.kaapav.com/web/image/product.template/653/image_1920?unique=22b5e23","https://www.kaapav.com/shop/all-jewellery-earring-pendant-sets-23/0802009-blue-butterfly-bloom-pendant-set-artificial-rose-gold-653","Anti-Tarnish Artificial Jewellery","","2026-08-02 09:22:40","https://www.kaapav.com/web/image/product.template/653/image_1920?unique=22b5e23","https://pub-e8a17aa027ff420f83623e808512141f.r2.dev/1778336466725_0802009 (2).jpg","","","",""
"802007","Blue Butterfly Crystal Pendant Set – Artificial Rose Gold","Sets","","799","1499","3","0","Enabled","No","https://www.kaapav.com/web/image/product.template/651/image_1920?unique=0f5b841","https://www.kaapav.com/shop/all-jewellery-earring-pendant-sets-23/0802007-blue-butterfly-crystal-pendant-set-artificial-rose-gold-651","Anti-Tarnish Artificial Jewellery","","2026-08-02 09:22:40","https://www.kaapav.com/web/image/product.template/651/image_1920?unique=0f5b841","https://pub-e8a17aa027ff420f83623e808512141f.r2.dev/1778336393102_0802007 (2).jpg","","","",""
"802010","Bluebird Orbit Pendant Set – Artificial Rose Gold","Sets","","799","1499","3","0","Enabled","No","https://www.kaapav.com/web/image/product.template/654/image_1920?unique=0e24f1e","https://www.kaapav.com/shop/all-jewellery-earring-pendant-sets-23/0802010-bluebird-orbit-pendant-set-artificial-rose-gold-654","Anti-Tarnish Artificial Jewellery","","2026-08-02 09:22:40","https://www.kaapav.com/web/image/product.template/654/image_1920?unique=0e24f1e","https://pub-e8a17aa027ff420f83623e808512141f.r2.dev/1778336484917_0802010 (2).jpg","","","",""
"802012","Blush Bird Orbit Pendant Set – Artificial Rose Gold","Sets","","799","1499","3","0","Enabled","No","https://www.kaapav.com/web/image/product.template/656/image_1920?unique=4d16894","https://www.kaapav.com/shop/all-jewellery-earring-pendant-sets-23/0802012-blush-bird-orbit-pendant-set-artificial-rose-gold-656","Anti-Tarnish Artificial Jewellery","Trending","2026-08-02 09:22:40","https://www.kaapav.com/web/image/product.template/656/image_1920?unique=4d16894","https://pub-e8a17aa027ff420f83623e808512141f.r2.dev/1778336525849_0802012 (2).jpg","","","",""
"601018","Blush Glass Rectangle Pendant – Artificial Yellow Gold","Pendants","","549","999","3","0","Enabled","No","https://www.kaapav.com/web/image/product.template/647/image_1920?unique=f3150b8","https://www.kaapav.com/shop/all-jewellery-pendant-22/0601018-blush-glass-rectangle-pendant-artificial-yellow-gold-647","Anti-Tarnish Artificial Jewellery","","2026-08-02 09:21:26","https://www.kaapav.com/web/image/product.template/647/image_1920?unique=f3150b8","https://pub-e8a17aa027ff420f83623e808512141f.r2.dev/1778334356698_0601018 (2).jpg","","","",""
"302004","Butterfly & Mother of Pearl Clover Necklace - Artificial Rose Gold","Necklaces","","549","999","2","0","Enabled","No","https://www.kaapav.com/web/image/product.template/509/image_1920?unique=34cb165","https://www.kaapav.com/shop/all-jewellery-necklace-19/0302004-butterfly-mother-of-pearl-clover-necklace-artificial-rose-gold-509","Anti-Tarnish Artificial Jewellery","","2026-08-02 09:21:04","https://www.kaapav.com/web/image/product.template/509/image_1920?unique=34cb165","https://pub-e8a17aa027ff420f83623e808512141f.r2.dev/1778331751421_0302004 (2).jpg","","","",""
"601017","Butterfly Drop Charm Pendant – Artificial Yellow Gold","Pendants","","549","999","3","0","Enabled","No","https://www.kaapav.com/web/image/product.template/646/image_1920?unique=9ea53e7","https://www.kaapav.com/shop/all-jewellery-pendant-22/0601017-butterfly-drop-charm-pendant-artificial-yellow-gold-646","Anti-Tarnish Artificial Jewellery","","2026-08-02 09:21:26","https://www.kaapav.com/web/image/product.template/646/image_1920?unique=9ea53e7","https://pub-e8a17aa027ff420f83623e808512141f.r2.dev/1778334339871_0601017 (2).jpg","","","",""
"501021","Butterfly Floral Pearl Earrings – Artificial Yellow Gold","Earrings","","299","499","4","0","Enabled","No","https://www.kaapav.com/web/image/product.template/625/image_1920?unique=f1fd50a","https://www.kaapav.com/shop/all-jewellery-earrings-21/0501021-butterfly-floral-pearl-earrings-artificial-yellow-gold-625","Anti-Tarnish Artificial Jewellery","","2026-08-02 09:20:44","https://www.kaapav.com/web/image/product.template/625/image_1920?unique=f1fd50a","https://pub-e8a17aa027ff420f83623e808512141f.r2.dev/1778331169976_0501021 (2).jpg","","","",""
"601008","Butterfly Initial Pendant Necklace with Crystals - Artificial Yellow Gold","Pendants","","549","999","2","0","Enabled","No","https://www.kaapav.com/web/image/product.template/561/image_1920?unique=94813e1","https://www.kaapav.com/shop/all-jewellery-pendant-22/0601008-butterfly-initial-pendant-necklace-with-crystals-artificial-yellow-gold-561","Anti-Tarnish Artificial Jewellery","","2026-08-02 09:21:26","https://www.kaapav.com/web/image/product.template/561/image_1920?unique=94813e1","https://pub-e8a17aa027ff420f83623e808512141f.r2.dev/1778334141820_0601008 (2).jpg","","","",""
"302016","Butterfly Lariat Necklace with Colorful Accents - Artificial Rose Gold","Necklaces","","549","999","2","0","Enabled","No","https://www.kaapav.com/web/image/product.template/521/image_1920?unique=2d57df3","https://www.kaapav.com/shop/all-jewellery-necklace-19/0302016-butterfly-lariat-necklace-with-colorful-accents-artificial-rose-gold-521","Anti-Tarnish Artificial Jewellery","","2026-08-02 09:21:04","https://www.kaapav.com/web/image/product.template/521/image_1920?unique=2d57df3","https://pub-e8a17aa027ff420f83623e808512141f.r2.dev/1778332648700_0302016 (2).jpg","","","",""
"801014","Butterfly Station Necklace Set – Artificial Yellow Gold","Sets","","799","1499","8","0","Enabled","No","https://www.kaapav.com/web/image/product.template/658/image_1920?unique=1245179","https://www.kaapav.com/shop/all-jewellery-earring-pendant-sets-23/0801014-butterfly-station-necklace-set-artificial-yellow-gold-658","Anti-Tarnish Artificial Jewellery","Bestseller","2026-08-02 09:22:40","https://www.kaapav.com/web/image/product.template/658/image_1920?unique=1245179","https://pub-e8a17aa027ff420f83623e808512141f.r2.dev/1778336572519_0801014 (2).jpg","","","",""
"302017","Cascading Butterfly Pendant Necklace - Artificial Rose Gold","Necklaces","","549","999","2","0","Enabled","No","https://www.kaapav.com/web/image/product.template/522/image_1920?unique=2a1fdff","https://www.kaapav.com/shop/all-jewellery-necklace-19/0302017-cascading-butterfly-pendant-necklace-artificial-rose-gold-522","Anti-Tarnish Artificial Jewellery","","2026-08-02 09:21:04","https://www.kaapav.com/web/image/product.template/522/image_1920?unique=2a1fdff","https://pub-e8a17aa027ff420f83623e808512141f.r2.dev/1778332676758_0302017 (2).jpg","https://pub-e8a17aa027ff420f83623e808512141f.r2.dev/1778332677572_0302017 (3).jpg","","",""
"202018","Celestial Charm Bracelet with Turquoise Accents - Artificial Rose Gold","Bracelets","","549","999","1","0","Enabled","No","https://www.kaapav.com/web/image/product.template/495/image_1920?unique=1fee9b5","https://www.kaapav.com/shop/all-jewellery-bracelets-13/0202018-celestial-charm-bracelet-with-turquoise-accents-artificial-rose-gold-495","Anti-Tarnish Artificial Jewellery","","2026-08-02 09:20:19","https://www.kaapav.com/web/image/product.template/495/image_1920?unique=1fee9b5","https://pub-e8a17aa027ff420f83623e808512141f.r2.dev/1778328041420_0202018 (2).jpg","","","",""
"201013","Celestial Shapes Bracelet – Artificial Yellow Gold","Bracelets","","549","999","2","0","Enabled","No","https://www.kaapav.com/web/image/product.template/491/image_1920?unique=a9cf705","https://www.kaapav.com/shop/all-jewellery-bracelets-13/0201013-celestial-shapes-bracelet-artificial-yellow-gold-491","Anti-Tarnish Artificial Jewellery","","2026-08-02 09:20:19","https://www.kaapav.com/web/image/product.template/491/image_1920?unique=a9cf705","https://pub-e8a17aa027ff420f83623e808512141f.r2.dev/1778326768491_0201013.jpg","","","",""
"601014","Celestial Star Outline Pendant – Artificial Yellow Gold","Pendants","","549","999","3","0","Enabled","No","https://www.kaapav.com/web/image/product.template/643/image_1920?unique=f9f3855","https://www.kaapav.com/shop/all-jewellery-pendant-22/0601014-celestial-star-outline-pendant-artificial-yellow-gold-643","Anti-Tarnish Artificial Jewellery","","2026-08-02 09:21:26","https://www.kaapav.com/web/image/product.template/643/image_1920?unique=f9f3855","https://pub-e8a17aa027ff420f83623e808512141f.r2.dev/1778334281143_0601014 (2).jpg","","","",""
"501002","Champagne Cubic Zirconia Sunburst Stud Earrings - Artificial Yellow Gold","Earrings","","299","499","2","0","Enabled","No","https://www.kaapav.com/web/image/product.template/563/image_1920?unique=f162312","https://www.kaapav.com/shop/all-jewellery-earrings-21/0501002-champagne-cubic-zirconia-sunburst-stud-earrings-artificial-yellow-gold-563","Anti-Tarnish Artificial Jewellery","","2026-08-02 09:20:44","https://www.kaapav.com/web/image/product.template/563/image_1920?unique=f162312","https://pub-e8a17aa027ff420f83623e808512141f.r2.dev/1778330487639_0501002 (2).jpg","","","",""
"302005","Clover & Circle Pendant Necklace with Crystal Accents - Artificial Rose Gold","Necklaces","","549","999","2","0","Enabled","No","https://www.kaapav.com/web/image/product.template/510/image_1920?unique=1276ceb","https://www.kaapav.com/shop/all-jewellery-necklace-19/0302005-clover-circle-pendant-necklace-with-crystal-accents-artificial-rose-gold-510","Anti-Tarnish Artificial Jewellery","","2026-08-02 09:21:04","https://www.kaapav.com/web/image/product.template/510/image_1920?unique=1276ceb","https://pub-e8a17aa027ff420f83623e808512141f.r2.dev/1778331815080_0302005 (2).jpg","","","",""
"202024","Concentric Circle Bolo Bracelet with Crystal Accents - Artificial Rose Gold","Bracelets","","549","999","2","0","Enabled","No","https://www.kaapav.com/web/image/product.template/501/image_1920?unique=cf7b2df","https://www.kaapav.com/shop/all-jewellery-bracelets-13/0202024-concentric-circle-bolo-bracelet-with-crystal-accents-artificial-rose-gold-501","Anti-Tarnish Artificial Jewellery","","2026-08-02 09:20:19","https://www.kaapav.com/web/image/product.template/501/image_1920?unique=cf7b2df","https://pub-e8a17aa027ff420f83623e808512141f.r2.dev/1778328349706_0202024 (2).jpg","","","",""
"801005","Concentric Circle Crystal Pendant and Earrings Set - Artificial Yellow Gold","Sets","","799","1499","2","0","Enabled","No","https://www.kaapav.com/web/image/product.template/530/image_1920?unique=4575a83","https://www.kaapav.com/shop/all-jewellery-earring-pendant-sets-23/0801005-concentric-circle-crystal-pendant-and-earrings-set-artificial-yellow-gold-530","Anti-Tarnish Artificial Jewellery","","2026-08-02 09:22:40","https://www.kaapav.com/web/image/product.template/530/image_1920?unique=4575a83","https://pub-e8a17aa027ff420f83623e808512141f.r2.dev/1778336346690_0801005 (2).jpg","","","",""
"601003","Crowned Mother of Pearl Heart Necklace - Artificial Yellow Gold","Pendants","","549","999","2","0","Enabled","No","https://www.kaapav.com/web/image/product.template/556/image_1920?unique=71e9f34","https://www.kaapav.com/shop/all-jewellery-pendant-22/0601003-crowned-mother-of-pearl-heart-necklace-artificial-yellow-gold-556","Anti-Tarnish Artificial Jewellery","","2026-08-02 09:21:26","https://www.kaapav.com/web/image/product.template/556/image_1920?unique=71e9f34","https://pub-e8a17aa027ff420f83623e808512141f.r2.dev/1778334021525_0601003 (2).jpg","","","",""
"301020","Crystal Embellished Flat Chain Necklace - Artificial Yellow Gold","Necklaces","","549","999","2","0","Enabled","No","https://www.kaapav.com/web/image/product.template/525/image_1920?unique=d3d8fa1","https://www.kaapav.com/shop/all-jewellery-necklace-19/0301020-crystal-embellished-flat-chain-necklace-artificial-yellow-gold-525","Anti-Tarnish Artificial Jewellery","","2026-08-02 09:21:04","https://www.kaapav.com/web/image/product.template/525/image_1920?unique=d3d8fa1","","","","",""
"801015","Crystal Orbit Station Necklace Set – Artificial Yellow Gold","Sets","","799","1499","3","0","Enabled","No","https://www.kaapav.com/web/image/product.template/659/image_1920?unique=8b9307b","https://www.kaapav.com/shop/all-jewellery-earring-pendant-sets-23/0801015-crystal-orbit-station-necklace-set-artificial-yellow-gold-659","Anti-Tarnish Artificial Jewellery","","2026-08-02 09:22:40","https://www.kaapav.com/web/image/product.template/659/image_1920?unique=8b9307b","https://pub-e8a17aa027ff420f83623e808512141f.r2.dev/1778336589706_0801015 (2).jpg","","","",""
"601012","Crystal Wing Butterfly Pendant – Artificial Yellow Gold","Pendants","","549","999","3","0","Enabled","No","https://www.kaapav.com/web/image/product.template/640/image_1920?unique=e68ad35","https://www.kaapav.com/shop/all-jewellery-pendant-22/0601012-crystal-wing-butterfly-pendant-artificial-yellow-gold-640","Anti-Tarnish Artificial Jewellery","","2026-08-02 09:21:26","https://www.kaapav.com/web/image/product.template/640/image_1920?unique=e68ad35","https://pub-e8a17aa027ff420f83623e808512141f.r2.dev/1778334237818_0601012 (2).jpg","","","",""
"301008","Curved Bar Necklace with Geometric Medallion - Artificial Yellow Gold","Necklaces","","549","999","2","0","Enabled","No","https://www.kaapav.com/web/image/product.template/513/image_1920?unique=4ae6902","https://www.kaapav.com/shop/all-jewellery-necklace-19/0301008-curved-bar-necklace-with-geometric-medallion-artificial-yellow-gold-513","Anti-Tarnish Artificial Jewellery","","2026-08-02 09:21:04","https://www.kaapav.com/web/image/product.template/513/image_1920?unique=4ae6902","https://pub-e8a17aa027ff420f83623e808512141f.r2.dev/1778331920264_0301008 (2).jpg","","","",""
"701011","Cushion Cut Champagne Cubic Zirconia Halo Ring with Marquise Crystal Accents - Artificial Yellow Gold","Rings","","299","499","2","0","Enabled","No","https://www.kaapav.com/web/image/product.template/542/image_1920?unique=5818353","https://www.kaapav.com/shop/all-jewellery-rings-20/0701011-cushion-cut-champagne-cubic-zirconia-halo-ring-with-marquise-crystal-accents-artificial-yellow-gold-542","Anti-Tarnish Artificial Jewellery","","2026-08-02 09:21:45","https://www.kaapav.com/web/image/product.template/542/image_1920?unique=5818353","https://pub-e8a17aa027ff420f83623e808512141f.r2.dev/1778334972077_0701011 (3).jpg","https://pub-e8a17aa027ff420f83623e808512141f.r2.dev/1778334971438_0701011 (2).jpg","","",""
"702002","Cushion Cut Champagne Cubic Zirconia Halo Ring with Pave Band - Artificial Rose Gold","Rings","","299","499","2","0","Enabled","No","https://www.kaapav.com/web/image/product.template/533/image_1920?unique=b838098","https://www.kaapav.com/shop/all-jewellery-rings-20/0702002-cushion-cut-champagne-cubic-zirconia-halo-ring-with-pave-band-artificial-rose-gold-533","Anti-Tarnish Artificial Jewellery","","2026-08-02 09:21:45","https://www.kaapav.com/web/image/product.template/533/image_1920?unique=b838098","https://pub-e8a17aa027ff420f83623e808512141f.r2.dev/1778334650119_0702002 (2).jpg","https://pub-e8a17aa027ff420f83623e808512141f.r2.dev/1778334650643_0702002 (3).jpg","","",""
"202003","Dual Butterfly Charm Bangle – Artificial Rose Gold","Bracelets","","549","999","1","0","Enabled","No","https://www.kaapav.com/web/image/product.template/481/image_1920?unique=0d5265c","https://www.kaapav.com/shop/all-jewellery-bracelets-13/0202003-dual-butterfly-charm-bangle-artificial-rose-gold-481","Anti-Tarnish Artificial Jewellery","","2026-08-02 09:20:19","https://www.kaapav.com/web/image/product.template/481/image_1920?unique=0d5265c","https://pub-e8a17aa027ff420f83623e808512141f.r2.dev/1778326241682_0202003 (2).jpg","","","",""
"203032","Elegant Baguette Crystal Bracelet – Artificial White Gold","Bracelets","","549","999","3","0","Enabled","No","https://www.kaapav.com/web/image/product.template/591/image_1920?unique=a78aaf7","https://www.kaapav.com/shop/all-jewellery-bracelets-13/0203032-elegant-baguette-crystal-bracelet-artificial-white-gold-591","Anti-Tarnish Artificial Jewellery","","2026-08-02 09:20:19","https://www.kaapav.com/web/image/product.template/591/image_1920?unique=a78aaf7","https://pub-e8a17aa027ff420f83623e808512141f.r2.dev/1778328927117_0203032 (2).jpg","","","",""
"201041","Elegant Black Clover Motif Bracelet – Artificial Yellow Gold","Bracelets","","549","999","3","0","Enabled","No","https://www.kaapav.com/web/image/product.template/600/image_1920?unique=26e5956","https://www.kaapav.com/shop/all-jewellery-bracelets-13/0201041-elegant-black-clover-motif-bracelet-artificial-yellow-gold-600","Anti-Tarnish Artificial Jewellery","","2026-08-02 09:20:19","https://www.kaapav.com/web/image/product.template/600/image_1920?unique=26e5956","https://pub-e8a17aa027ff420f83623e808512141f.r2.dev/1778329507342_0201041 (2).jpg","https://pub-e8a17aa027ff420f83623e808512141f.r2.dev/1778329507902_0201041 (3).jpg","","",""
"201033","Elegant Black Crystal Tennis Bracelet – Artificial Yellow Gold","Bracelets","","549","999","3","0","Enabled","No","https://www.kaapav.com/web/image/product.template/592/image_1920?unique=0011667","https://www.kaapav.com/shop/all-jewellery-bracelets-13/0201033-elegant-black-crystal-tennis-bracelet-artificial-yellow-gold-592","Anti-Tarnish Artificial Jewellery","","2026-08-02 09:20:19","https://www.kaapav.com/web/image/product.template/592/image_1920?unique=0011667","https://pub-e8a17aa027ff420f83623e808512141f.r2.dev/1778328987191_0201033 (2).jpg","","","",""
"701032","Elegant Blue Inlay Wave Ring – Artificial Yellow Gold","Rings","","299","499","2","0","Enabled","No","https://pub-e8a17aa027ff420f83623e808512141f.r2.dev/1778335878981_0701032 (2).jpg","https://www.kaapav.com/shop/all-jewellery-rings-20/0701032-elegant-blue-inlay-wave-ring-artificial-yellow-gold-611","Anti-Tarnish Artificial Jewellery","","2026-08-02 09:21:45","https://pub-e8a17aa027ff420f83623e808512141f.r2.dev/1778335878981_0701032 (2).jpg","https://pub-e8a17aa027ff420f83623e808512141f.r2.dev/1778335860811_0701032.jpg","","","",""
"701036","Elegant Blue Medallion Motif Ring – Artificial Yellow Gold","Rings","","299","499","2","0","Enabled","No","https://www.kaapav.com/web/image/product.template/615/image_1920?unique=787ccb4","https://www.kaapav.com/shop/all-jewellery-rings-20/0701036-elegant-blue-medallion-motif-ring-artificial-yellow-gold-615","Anti-Tarnish Artificial Jewellery","","2026-08-02 09:21:45","https://www.kaapav.com/web/image/product.template/615/image_1920?unique=787ccb4","https://pub-e8a17aa027ff420f83623e808512141f.r2.dev/1778336023973_0701036 (2).jpg","https://pub-e8a17aa027ff420f83623e808512141f.r2.dev/1778336024560_0701036 (3).jpg","","",""
"202006","Elegant Butterfly Bracelet – Artificial Yellow Gold","Bracelets","","549","999","2","0","Enabled","No","https://www.kaapav.com/web/image/product.template/484/image_1920?unique=da9f81a","https://www.kaapav.com/shop/all-jewellery-bracelets-13/0202006-elegant-butterfly-bracelet-artificial-yellow-gold-484","Anti-Tarnish Artificial Jewellery","","2026-08-02 09:20:19","https://www.kaapav.com/web/image/product.template/484/image_1920?unique=da9f81a","https://pub-e8a17aa027ff420f83623e808512141f.r2.dev/1778326427981_0202006 (2).jpg","","","",""
"201040","Elegant Butterfly Motif Bracelet – Artificial Yellow Gold","Bracelets","","549","999","3","0","Enabled","No","https://www.kaapav.com/web/image/product.template/599/image_1920?unique=18152cb","https://www.kaapav.com/shop/all-jewellery-bracelets-13/0201040-elegant-butterfly-motif-bracelet-artificial-yellow-gold-599","Anti-Tarnish Artificial Jewellery","","2026-08-02 09:20:19","https://www.kaapav.com/web/image/product.template/599/image_1920?unique=18152cb","https://pub-e8a17aa027ff420f83623e808512141f.r2.dev/1778329477944_0201040 (3).jpg","https://pub-e8a17aa027ff420f83623e808512141f.r2.dev/1778329487147_0201040 (2).jpg","","",""
"201030","Elegant Crystal Tennis Bracelet – Artificial Yellow Gold","Bracelets","","549","999","3","0","Enabled","No","https://www.kaapav.com/web/image/product.template/589/image_1920?unique=2597b4e","https://www.kaapav.com/shop/all-jewellery-bracelets-13/0201030-elegant-crystal-tennis-bracelet-artificial-yellow-gold-589","Anti-Tarnish Artificial Jewellery","","2026-08-02 09:20:19","https://www.kaapav.com/web/image/product.template/589/image_1920?unique=2597b4e","https://pub-e8a17aa027ff420f83623e808512141f.r2.dev/1778328712744_0201030 (2).jpg","","","",""
"201035","Elegant Cube Crystal Bangle – Artificial Yellow Gold","Bracelets","","549","999","3","0","Enabled","No","https://www.kaapav.com/web/image/product.template/594/image_1920?unique=f465f22","https://www.kaapav.com/shop/all-jewellery-bracelets-13/0201035-elegant-cube-crystal-bangle-artificial-yellow-gold-594","Anti-Tarnish Artificial Jewellery","","2026-08-02 09:20:19","https://www.kaapav.com/web/image/product.template/594/image_1920?unique=f465f22","https://pub-e8a17aa027ff420f83623e808512141f.r2.dev/1778329318388_0201035 (2).jpg","","","",""
"201042","Elegant Daisy Crystal Bracelet – Artificial Yellow Gold","Bracelets","","549","999","2","0","Enabled","No","https://www.kaapav.com/web/image/product.template/601/image_1920?unique=275a035","https://www.kaapav.com/shop/all-jewellery-bracelets-13/0201042-elegant-daisy-crystal-bracelet-artificial-yellow-gold-601","Anti-Tarnish Artificial Jewellery","","2026-08-02 09:20:19","https://www.kaapav.com/web/image/product.template/601/image_1920?unique=275a035","https://pub-e8a17aa027ff420f83623e808512141f.r2.dev/1778329536182_0201042 (2).jpg","","","",""
"202034","Elegant Designer Open Cuff Bangle – Artificial Rose Gold","Bracelets","","549","999","3","0","Enabled","No","https://www.kaapav.com/web/image/product.template/593/image_1920?unique=eb44002","https://www.kaapav.com/shop/all-jewellery-bracelets-13/0202034-elegant-designer-open-cuff-bangle-artificial-rose-gold-593","Anti-Tarnish Artificial Jewellery","","2026-08-02 09:20:19","https://www.kaapav.com/web/image/product.template/593/image_1920?unique=eb44002","https://pub-e8a17aa027ff420f83623e808512141f.r2.dev/1778329274250_0202034 (2).jpg","","","",""
"201038","Elegant Dual Heart Bracelet – Artificial Yellow Gold","Bracelets","","549","999","3","0","Enabled","No","https://www.kaapav.com/web/image/product.template/597/image_1920?unique=f865421","https://www.kaapav.com/shop/all-jewellery-bracelets-13/0201038-elegant-dual-heart-bracelet-artificial-yellow-gold-597","Anti-Tarnish Artificial Jewellery","","2026-08-02 09:20:19","https://www.kaapav.com/web/image/product.template/597/image_1920?unique=f865421","https://pub-e8a17aa027ff420f83623e808512141f.r2.dev/1778329420678_0201038 (2).jpg","https://pub-e8a17aa027ff420f83623e808512141f.r2.dev/1778329421471_0201038 (3).jpg","","",""
"701025","Elegant Geometric Star Ring – Artificial Yellow Gold","Rings","","299","499","2","0","Enabled","No","https://www.kaapav.com/web/image/product.template/604/image_1920?unique=760ff21","https://www.kaapav.com/shop/all-jewellery-rings-20/0701025-elegant-geometric-star-ring-artificial-yellow-gold-604","Anti-Tarnish Artificial Jewellery","","2026-08-02 09:21:45","https://www.kaapav.com/web/image/product.template/604/image_1920?unique=760ff21","https://pub-e8a17aa027ff420f83623e808512141f.r2.dev/1778335679623_0701025 (2).jpg","","","",""
"701023","Elegant Heart Crystal Ring – Artificial Yellow Gold","Rings","","299","499","3","0","Enabled","No","https://www.kaapav.com/web/image/product.template/602/image_1920?unique=3bd45ed","https://www.kaapav.com/shop/all-jewellery-rings-20/0701023-elegant-heart-crystal-ring-artificial-yellow-gold-602","Anti-Tarnish Artificial Jewellery","","2026-08-02 09:21:45","https://www.kaapav.com/web/image/product.template/602/image_1920?unique=3bd45ed","https://pub-e8a17aa027ff420f83623e808512141f.r2.dev/1778335605905_0701023 (2).jpg","","","",""
"701028","Elegant Infinity Loop Ring – Artificial Yellow Gold","Rings","","299","499","2","0","Enabled","No","https://www.kaapav.com/web/image/product.template/607/image_1920?unique=f3450c1","https://www.kaapav.com/shop/all-jewellery-rings-20/0701028-elegant-infinity-loop-ring-artificial-yellow-gold-607","Anti-Tarnish Artificial Jewellery","","2026-08-02 09:21:45","https://www.kaapav.com/web/image/product.template/607/image_1920?unique=f3450c1","https://pub-e8a17aa027ff420f83623e808512141f.r2.dev/1778335732319_0701028 (2).jpg","","","",""
"701034","Elegant Lavender Marble Motif Ring – Artificial Yellow Gold","Rings","","299","499","2","0","Enabled","No","https://www.kaapav.com/web/image/product.template/613/image_1920?unique=c5bda44","https://www.kaapav.com/shop/all-jewellery-rings-20/0701034-elegant-lavender-marble-motif-ring-artificial-yellow-gold-613","Anti-Tarnish Artificial Jewellery","","2026-08-02 09:21:45","https://www.kaapav.com/web/image/product.template/613/image_1920?unique=c5bda44","https://pub-e8a17aa027ff420f83623e808512141f.r2.dev/1778335984859_0701034 (2).jpg","","","",""
"701029","Elegant Leaf Vine Openwork Ring – Artificial Yellow Gold","Rings","","299","499","2","0","Enabled","No","https://www.kaapav.com/web/image/product.template/608/image_1920?unique=a04e565","https://www.kaapav.com/shop/all-jewellery-rings-20/0701029-elegant-leaf-vine-openwork-ring-artificial-yellow-gold-608","Anti-Tarnish Artificial Jewellery","","2026-08-02 09:21:45","https://www.kaapav.com/web/image/product.template/608/image_1920?unique=a04e565","https://pub-e8a17aa027ff420f83623e808512141f.r2.dev/1778335752491_0701029 (2).jpg","","","",""
"701030","Elegant Mint Green Inlay Wave Ring – Artificial Yellow Gold","Rings","","299","499","2","0","Enabled","No","https://www.kaapav.com/web/image/product.template/609/image_1920?unique=6b16a7e","https://www.kaapav.com/shop/all-jewellery-rings-20/0701030-elegant-mint-green-inlay-wave-ring-artificial-yellow-gold-609","Anti-Tarnish Artificial Jewellery","","2026-08-02 09:21:45","https://www.kaapav.com/web/image/product.template/609/image_1920?unique=6b16a7e","https://pub-e8a17aa027ff420f83623e808512141f.r2.dev/1778335776886_0701030 (2).jpg","","","",""
"701037","Elegant Peach Marble Motif Ring – Artificial Yellow Gold","Rings","","299","499","2","0","Enabled","No","https://www.kaapav.com/web/image/product.template/616/image_1920?unique=6c43090","https://www.kaapav.com/shop/all-jewellery-rings-20/0701037-elegant-peach-marble-motif-ring-artificial-yellow-gold-616","Anti-Tarnish Artificial Jewellery","","2026-08-02 09:21:45","https://www.kaapav.com/web/image/product.template/616/image_1920?unique=6c43090","https://pub-e8a17aa027ff420f83623e808512141f.r2.dev/1778336052611_0701037 (2).jpg","","","",""
"202031","Elegant Pink Crystal Tennis Bracelet – Artificial Rose Gold","Bracelets","","549","999","3","0","Enabled","No","https://www.kaapav.com/web/image/product.template/590/image_1920?unique=1e906a8","https://www.kaapav.com/shop/all-jewellery-bracelets-13/0202031-elegant-pink-crystal-tennis-bracelet-artificial-rose-gold-590","Anti-Tarnish Artificial Jewellery","","2026-08-02 09:20:19","https://www.kaapav.com/web/image/product.template/590/image_1920?unique=1e906a8","https://pub-e8a17aa027ff420f83623e808512141f.r2.dev/1778328896669_0202031.jpg","","","",""
"701031","Elegant Pink Inlay Wave Ring – Artificial Yellow Gold","Rings","","299","499","2","0","Enabled","No","https://www.kaapav.com/web/image/product.template/610/image_1920?unique=eb8b27e","https://www.kaapav.com/shop/all-jewellery-rings-20/0701031-elegant-pink-inlay-wave-ring-artificial-yellow-gold-610","Anti-Tarnish Artificial Jewellery","","2026-08-02 09:21:45","https://www.kaapav.com/web/image/product.template/610/image_1920?unique=eb8b27e","https://pub-e8a17aa027ff420f83623e808512141f.r2.dev/1778335817295_0701031.jpg","","","",""
"701035","Elegant Pink Marble Dual-Stone Ring – Artificial Yellow Gold","Rings","","299","499","2","0","Enabled","No","https://www.kaapav.com/web/image/product.template/614/image_1920?unique=dbc975b","https://www.kaapav.com/shop/all-jewellery-rings-20/0701035-elegant-pink-marble-dual-stone-ring-artificial-yellow-gold-614","Anti-Tarnish Artificial Jewellery","","2026-08-02 09:21:45","https://www.kaapav.com/web/image/product.template/614/image_1920?unique=dbc975b","https://pub-e8a17aa027ff420f83623e808512141f.r2.dev/1778336001474_0701035 (2).jpg","","","",""
"701039","Elegant Pink Triple Motif Ring – Artificial Yellow Gold","Rings","","299","499","2","0","Enabled","No","https://www.kaapav.com/web/image/product.template/618/image_1920?unique=0d18a16","https://www.kaapav.com/shop/all-jewellery-rings-20/0701039-elegant-pink-triple-motif-ring-artificial-yellow-gold-618","Anti-Tarnish Artificial Jewellery","","2026-08-02 09:21:45","https://www.kaapav.com/web/image/product.template/618/image_1920?unique=0d18a16","https://pub-e8a17aa027ff420f83623e808512141f.r2.dev/1778336149746_0701039.jpg","","","",""
"201039","Elegant Round Floral Motif Bracelet – Artificial Yellow Gold","Bracelets","","549","999","3","0","Enabled","No","https://www.kaapav.com/web/image/product.template/598/image_1920?unique=0c1db57","https://www.kaapav.com/shop/all-jewellery-bracelets-13/0201039-elegant-round-floral-motif-bracelet-artificial-yellow-gold-598","Anti-Tarnish Artificial Jewellery","","2026-08-02 09:20:19","https://www.kaapav.com/web/image/product.template/598/image_1920?unique=0c1db57","https://pub-e8a17aa027ff420f83623e808512141f.r2.dev/1778329443932_0201039 (2).jpg","https://pub-e8a17aa027ff420f83623e808512141f.r2.dev/1778329444849_0201039 (3).jpg","","",""
"701027","Elegant Shell Pattern Ring – Artificial Yellow Gold","Rings","","299","499","2","0","Enabled","No","https://www.kaapav.com/web/image/product.template/606/image_1920?unique=97b8881","https://www.kaapav.com/shop/all-jewellery-rings-20/0701027-elegant-shell-pattern-ring-artificial-yellow-gold-606","Anti-Tarnish Artificial Jewellery","","2026-08-02 09:21:45","https://www.kaapav.com/web/image/product.template/606/image_1920?unique=97b8881","https://pub-e8a17aa027ff420f83623e808512141f.r2.dev/1778335713220_0701027 (2).jpg","","","",""
"701038","Elegant Sky Blue Triple Motif Ring – Artificial Yellow Gold","Rings","","299","499","2","0","Enabled","No","https://www.kaapav.com/web/image/product.template/617/image_1920?unique=7e7538c","https://www.kaapav.com/shop/all-jewellery-rings-20/0701038-elegant-sky-blue-triple-motif-ring-artificial-yellow-gold-617","Anti-Tarnish Artificial Jewellery","","2026-08-02 09:21:45","https://www.kaapav.com/web/image/product.template/617/image_1920?unique=7e7538c","https://pub-e8a17aa027ff420f83623e808512141f.r2.dev/1778336120315_0701038 (2).jpg","","","",""
"701026","Elegant Snake Wrap Ring – Artificial Yellow Gold","Rings","","299","499","2","0","Enabled","No","https://www.kaapav.com/web/image/product.template/605/image_1920?unique=f398d28","https://www.kaapav.com/shop/all-jewellery-rings-20/0701026-elegant-snake-wrap-ring-artificial-yellow-gold-605","Anti-Tarnish Artificial Jewellery","","2026-08-02 09:21:45","https://www.kaapav.com/web/image/product.template/605/image_1920?unique=f398d28","https://pub-e8a17aa027ff420f83623e808512141f.r2.dev/1778335695919_0701026 (2).jpg","","","",""
"201037","Elegant Square Shape Motif Bracelet – Artificial Yellow Gold","Bracelets","","549","999","3","0","Enabled","No","https://www.kaapav.com/web/image/product.template/596/image_1920?unique=70b08c1","https://www.kaapav.com/shop/all-jewellery-bracelets-13/0201037-elegant-square-shape-motif-bracelet-artificial-yellow-gold-596","Anti-Tarnish Artificial Jewellery","","2026-08-02 09:20:19","https://www.kaapav.com/web/image/product.template/596/image_1920?unique=70b08c1","https://pub-e8a17aa027ff420f83623e808512141f.r2.dev/1778329389322_0201038 (2).jpg","","","",""
"701024","Elegant Swan Shape Crystal Ring – Artificial Yellow Gold","Rings","","299","499","3","0","Enabled","No","https://www.kaapav.com/web/image/product.template/603/image_1920?unique=f0f7998","https://www.kaapav.com/shop/all-jewellery-rings-20/0701024-elegant-swan-shape-crystal-ring-artificial-yellow-gold-603","Anti-Tarnish Artificial Jewellery","","2026-08-02 09:21:45","https://www.kaapav.com/web/image/product.template/603/image_1920?unique=f0f7998","https://pub-e8a17aa027ff420f83623e808512141f.r2.dev/1778335644598_0701024 (2).jpg","","","",""
"202029","Elegant Triple Evil Eye Crystal Bangle – Artificial Yellow Gold","Bracelets","","549","999","1","0","Enabled","No","https://www.kaapav.com/web/image/product.template/588/image_1920?unique=bc9e1f1","https://www.kaapav.com/shop/all-jewellery-bracelets-13/0202029-elegant-triple-evil-eye-crystal-bangle-artificial-yellow-gold-588","Anti-Tarnish Artificial Jewellery","Bestseller","2026-08-02 09:20:19","https://www.kaapav.com/web/image/product.template/588/image_1920?unique=bc9e1f1","https://pub-e8a17aa027ff420f83623e808512141f.r2.dev/1778328542354_0202029 (2).jpg","","","",""
"201036","Elegant Twisted Crystal Bangle – Artificial Yellow Gold","Bracelets","","549","999","3","0","Enabled","No","https://www.kaapav.com/web/image/product.template/595/image_1920?unique=f7428e3","https://www.kaapav.com/shop/all-jewellery-bracelets-13/0201036-elegant-twisted-crystal-bangle-artificial-yellow-gold-595","Anti-Tarnish Artificial Jewellery","","2026-08-02 09:20:19","https://www.kaapav.com/web/image/product.template/595/image_1920?unique=f7428e3","https://pub-e8a17aa027ff420f83623e808512141f.r2.dev/1778329334569_0201036 (2).jpg","","","",""
"701033","Elegant White & Green Clover Motif Ring – Artificial Yellow Gold","Rings","","299","499","2","0","Enabled","No","https://www.kaapav.com/web/image/product.template/612/image_1920?unique=0830f7a","https://www.kaapav.com/shop/all-jewellery-rings-20/0701033-elegant-white-green-clover-motif-ring-artificial-yellow-gold-612","Anti-Tarnish Artificial Jewellery","","2026-08-02 09:21:45","https://www.kaapav.com/web/image/product.template/612/image_1920?unique=0830f7a","https://pub-e8a17aa027ff420f83623e808512141f.r2.dev/1778335965730_0701033 (2).jpg","","","",""
"701015","Emerald Blossom Grace Ring – Artificial Yellow Gold","Rings","","299","499","2","0","Enabled","No","https://www.kaapav.com/web/image/product.template/546/image_1920?unique=ce8adc8","https://www.kaapav.com/shop/all-jewellery-rings-20/0701015-emerald-blossom-grace-ring-artificial-yellow-gold-546","Anti-Tarnish Artificial Jewellery","","2026-08-02 09:21:45","https://www.kaapav.com/web/image/product.template/546/image_1920?unique=ce8adc8","https://pub-e8a17aa027ff420f83623e808512141f.r2.dev/1778335073721_0701015 (2).jpg","https://pub-e8a17aa027ff420f83623e808512141f.r2.dev/1778335074716_0701015 (3).jpg","","",""
"701012","Emerald Cut Black Cubic Zirconia Halo Ring with Marquise Crystal Accents - Artificial Yellow Gold","Rings","","299","499","2","0","Enabled","No","https://www.kaapav.com/web/image/product.template/543/image_1920?unique=bb9dd23","https://www.kaapav.com/shop/all-jewellery-rings-20/0701012-emerald-cut-black-cubic-zirconia-halo-ring-with-marquise-crystal-accents-artificial-yellow-gold-543","Anti-Tarnish Artificial Jewellery","","2026-08-02 09:21:45","https://www.kaapav.com/web/image/product.template/543/image_1920?unique=bb9dd23","https://pub-e8a17aa027ff420f83623e808512141f.r2.dev/1778335007898_0701012 (3).jpg","https://pub-e8a17aa027ff420f83623e808512141f.r2.dev/1778335006864_0701012 (2).jpg","","",""
"701013","Emerald Cut Green Cubic Zirconia Ring with Pave Crystal Band - Artificial Yellow Gold","Rings","","299","499","2","0","Enabled","No","https://www.kaapav.com/web/image/product.template/544/image_1920?unique=90d6f5f","https://www.kaapav.com/shop/all-jewellery-rings-20/0701013-emerald-cut-green-cubic-zirconia-ring-with-pave-crystal-band-artificial-yellow-gold-544","Anti-Tarnish Artificial Jewellery","","2026-08-02 09:21:45","https://www.kaapav.com/web/image/product.template/544/image_1920?unique=90d6f5f","https://pub-e8a17aa027ff420f83623e808512141f.r2.dev/1778335034524_0701013 (2).jpg","https://pub-e8a17aa027ff420f83623e808512141f.r2.dev/1778335035236_0701013 (3).jpg","","",""
"602001","Emerald Cut Green Gem Pendant Necklace with Crystal Halo - Artificial Rose Gold","Pendants","","549","999","2","0","Enabled","No","https://www.kaapav.com/web/image/product.template/554/image_1920?unique=c38dab8","https://www.kaapav.com/shop/all-jewellery-pendant-22/0602001-emerald-cut-green-gem-pendant-necklace-with-crystal-halo-artificial-rose-gold-554","Anti-Tarnish Artificial Jewellery","","2026-08-02 09:21:26","https://www.kaapav.com/web/image/product.template/554/image_1920?unique=c38dab8","https://pub-e8a17aa027ff420f83623e808512141f.r2.dev/1778333972757_0602001 (2).jpg","","","",""
"601015","Emerald Glow Glass Pendant – Artificial Yellow Gold","Pendants","","549","999","3","0","Enabled","No","https://www.kaapav.com/web/image/product.template/644/image_1920?unique=6353b28","https://www.kaapav.com/shop/all-jewellery-pendant-22/0601015-emerald-glow-glass-pendant-artificial-yellow-gold-644","Anti-Tarnish Artificial Jewellery","","2026-08-02 09:21:26","https://www.kaapav.com/web/image/product.template/644/image_1920?unique=6353b28","https://pub-e8a17aa027ff420f83623e808512141f.r2.dev/1778334298747_0601015 (2).jpg","","","",""
"701040","Emerald Halo Bloom Ring – Artificial Yellow Gold","Rings","","299","499","2","0","Enabled","No","https://www.kaapav.com/web/image/product.template/619/image_1920?unique=c7579fa","https://www.kaapav.com/shop/all-jewellery-rings-20/0701040-emerald-halo-bloom-ring-artificial-yellow-gold-619","Anti-Tarnish Artificial Jewellery","","2026-08-02 09:21:45","https://www.kaapav.com/web/image/product.template/619/image_1920?unique=c7579fa","https://pub-e8a17aa027ff420f83623e808512141f.r2.dev/1778336169222_0701040 (2).jpg","","","",""
"701006","Emerald Royale Radiance Ring – Artificial Yellow Gold","Rings","","299","499","2","0","Enabled","No","https://www.kaapav.com/web/image/product.template/537/image_1920?unique=4f301b6","https://www.kaapav.com/shop/all-jewellery-rings-20/0701006-emerald-royale-radiance-ring-artificial-yellow-gold-537","Anti-Tarnish Artificial Jewellery","","2026-08-02 09:21:45","https://www.kaapav.com/web/image/product.template/537/image_1920?unique=4f301b6","https://pub-e8a17aa027ff420f83623e808512141f.r2.dev/1778334777081_0701006 (3).jpg","https://pub-e8a17aa027ff420f83623e808512141f.r2.dev/1778334776647_0701006 (2).jpg","","",""
"601005","Enamel Floral Pendant Necklace with Pearl Accent - Artificial Yellow Gold","Pendants","","549","999","2","0","Enabled","No","https://www.kaapav.com/web/image/product.template/558/image_1920?unique=a58d748","https://www.kaapav.com/shop/all-jewellery-pendant-22/0601005-enamel-floral-pendant-necklace-with-pearl-accent-artificial-yellow-gold-558","Anti-Tarnish Artificial Jewellery","","2026-08-02 09:21:26","https://www.kaapav.com/web/image/product.template/558/image_1920?unique=a58d748","https://pub-e8a17aa027ff420f83623e808512141f.r2.dev/1778334063169_0601005 (2).jpg","","","",""
"802003","Enameled Butterfly Charms with Crystal Accents - Artificial Yellow Gold","Sets","","799","1499","1","0","Enabled","No","https://www.kaapav.com/web/image/product.template/528/image_1920?unique=fab0edd","https://www.kaapav.com/shop/all-jewellery-earring-pendant-sets-23/0802003-enameled-butterfly-charms-with-crystal-accents-artificial-yellow-gold-528","Anti-Tarnish Artificial Jewellery","","2026-08-02 09:22:40","https://www.kaapav.com/web/image/product.template/528/image_1920?unique=fab0edd","https://pub-e8a17aa027ff420f83623e808512141f.r2.dev/1778336284899_0802003 (2).jpg","","","",""
"802001","Enameled Butterfly Pendant and Earrings Set - Artificial Rose Gold","Sets","","799","1499","1","0","Enabled","No","https://www.kaapav.com/web/image/product.template/526/image_1920?unique=860093b","https://www.kaapav.com/shop/all-jewellery-earring-pendant-sets-23/0802001-enameled-butterfly-pendant-and-earrings-set-artificial-rose-gold-526","Anti-Tarnish Artificial Jewellery","","2026-08-02 09:22:40","https://www.kaapav.com/web/image/product.template/526/image_1920?unique=860093b","https://pub-e8a17aa027ff420f83623e808512141f.r2.dev/1778336228143_0802001 (2).jpg","","","",""
"501009","Faux Pearl Halo Stud Earrings with AD Crystals - Artificial Yellow Gold","Earrings","","299","499","2","0","Enabled","No","https://www.kaapav.com/web/image/product.template/570/image_1920?unique=3b9111c","https://www.kaapav.com/shop/all-jewellery-earrings-21/0501009-faux-pearl-halo-stud-earrings-with-ad-crystals-artificial-yellow-gold-570","Anti-Tarnish Artificial Jewellery","","2026-08-02 09:20:44","https://www.kaapav.com/web/image/product.template/570/image_1920?unique=3b9111c","https://pub-e8a17aa027ff420f83623e808512141f.r2.dev/1778330767420_0501009 (2).jpg","","","",""
"501007","Faux Pearl Halo Stud Earrings with Crystal Accents - Artificial Yellow Gold","Earrings","","299","499","2","0","Enabled","No","https://www.kaapav.com/web/image/product.template/568/image_1920?unique=7f471ae","https://www.kaapav.com/shop/all-jewellery-earrings-21/0501007-faux-pearl-halo-stud-earrings-with-crystal-accents-artificial-yellow-gold-568","Anti-Tarnish Artificial Jewellery","","2026-08-02 09:20:44","https://www.kaapav.com/web/image/product.template/568/image_1920?unique=7f471ae","https://pub-e8a17aa027ff420f83623e808512141f.r2.dev/1778330682966_0501007 (2).jpg","","","",""
"501015","Faux Pearl Stud Earrings with Cubic Zirconia Bows - Artificial Yellow Gold","Earrings","","299","499","2","0","Enabled","No","https://www.kaapav.com/web/image/product.template/576/image_1920?unique=d9aac22","https://www.kaapav.com/shop/all-jewellery-earrings-21/0501015-faux-pearl-stud-earrings-with-cubic-zirconia-bows-artificial-yellow-gold-576","Anti-Tarnish Artificial Jewellery","","2026-08-02 09:20:44","https://www.kaapav.com/web/image/product.template/576/image_1920?unique=d9aac22","https://pub-e8a17aa027ff420f83623e808512141f.r2.dev/1778330987495_0501015 (2).jpg","","","",""
"501025","Floral Engraved Hoop Earrings – Artificial Yellow Gold","Earrings","","299","499","2","0","Enabled","No","https://www.kaapav.com/web/image/product.template/629/image_1920?unique=23674ea","https://www.kaapav.com/shop/all-jewellery-earrings-21/0501025-floral-engraved-hoop-earrings-artificial-yellow-gold-629","Anti-Tarnish Artificial Jewellery","","2026-08-02 09:20:44","https://www.kaapav.com/web/image/product.template/629/image_1920?unique=23674ea","https://pub-e8a17aa027ff420f83623e808512141f.r2.dev/1778331282120_0501025 (2).jpg","","","",""
"501018","Floral Pearl Cluster Earrings – Artificial Yellow Gold","Earrings","","299","499","3","0","Enabled","No","https://www.kaapav.com/web/image/product.template/622/image_1920?unique=f2dc702","https://www.kaapav.com/shop/all-jewellery-earrings-21/0501018-floral-pearl-cluster-earrings-artificial-yellow-gold-622","Anti-Tarnish Artificial Jewellery","","2026-08-02 09:20:44","https://www.kaapav.com/web/image/product.template/622/image_1920?unique=f2dc702","https://pub-e8a17aa027ff420f83623e808512141f.r2.dev/1778331055739_0501018 (2).jpg","","","",""
"301002","Four-Leaf Clover Pendant Necklace - Artificial Yellow Gold","Necklaces","","549","999","2","0","Enabled","No","https://www.kaapav.com/web/image/product.template/507/image_1920?unique=7d93848","https://www.kaapav.com/shop/all-jewellery-necklace-19/0301002-four-leaf-clover-pendant-necklace-artificial-yellow-gold-507","Anti-Tarnish Artificial Jewellery","","2026-08-02 09:21:04","https://www.kaapav.com/web/image/product.template/507/image_1920?unique=7d93848","https://pub-e8a17aa027ff420f83623e808512141f.r2.dev/1778331612208_0301002 (2).jpg","","","",""
"802002","Geometric Black and White Crystal Pendant and Earrings Set - Artificial Rose Gold","Sets","","799","1499","2","0","Enabled","No","https://www.kaapav.com/web/image/product.template/527/image_1920?unique=6a38e38","https://www.kaapav.com/shop/all-jewellery-earring-pendant-sets-23/0802002-geometric-black-and-white-crystal-pendant-and-earrings-set-artificial-rose-gold-527","Anti-Tarnish Artificial Jewellery","","2026-08-02 09:22:40","https://www.kaapav.com/web/image/product.template/527/image_1920?unique=6a38e38","https://pub-e8a17aa027ff420f83623e808512141f.r2.dev/1778336253594_0802002 (2).jpg","","","",""
"202021","Geometric Charm Bracelet with MOP & Crystals - Artificial Rose Gold","Bracelets","","549","999","2","0","Enabled","No","https://www.kaapav.com/web/image/product.template/498/image_1920?unique=df9180d","https://www.kaapav.com/shop/all-jewellery-bracelets-13/0202021-geometric-charm-bracelet-with-mop-crystals-artificial-rose-gold-498","Anti-Tarnish Artificial Jewellery","","2026-08-02 09:20:19","https://www.kaapav.com/web/image/product.template/498/image_1920?unique=df9180d","https://pub-e8a17aa027ff420f83623e808512141f.r2.dev/1778328204134_0202021 (3).jpg","","","",""
"802006","Geometric Crystal Pendant and Earrings Set - Artificial Rose Gold","Sets","","799","1499","2","0","Enabled","No","https://www.kaapav.com/web/image/product.template/531/image_1920?unique=5dffb2d","https://www.kaapav.com/shop/all-jewellery-earring-pendant-sets-23/0802006-geometric-crystal-pendant-and-earrings-set-artificial-rose-gold-531","Anti-Tarnish Artificial Jewellery","","2026-08-02 09:22:40","https://www.kaapav.com/web/image/product.template/531/image_1920?unique=5dffb2d","https://pub-e8a17aa027ff420f83623e808512141f.r2.dev/1778336378052_0802006 (2).jpg","","","",""
"501023","Geometric Hexagon Hoop Earrings – Artificial Yellow Gold","Earrings","","299","499","3","0","Enabled","No","https://www.kaapav.com/web/image/product.template/627/image_1920?unique=b00948e","https://www.kaapav.com/shop/all-jewellery-earrings-21/0501023-geometric-hexagon-hoop-earrings-artificial-yellow-gold-627","Anti-Tarnish Artificial Jewellery","","2026-08-02 09:20:44","https://www.kaapav.com/web/image/product.template/627/image_1920?unique=b00948e","https://pub-e8a17aa027ff420f83623e808512141f.r2.dev/1778331226945_0501023 (2).jpg","","","",""
"501016","Green & White Triangle Stud Earrings – Artificial Yellow Gold","Earrings","","299","499","3","0","Enabled","No","https://www.kaapav.com/web/image/product.template/620/image_1920?unique=6946b40","https://www.kaapav.com/shop/all-jewellery-earrings-21/0501016-green-white-triangle-stud-earrings-artificial-yellow-gold-620","Anti-Tarnish Artificial Jewellery","","2026-08-02 09:20:44","https://www.kaapav.com/web/image/product.template/620/image_1920?unique=6946b40","https://pub-e8a17aa027ff420f83623e808512141f.r2.dev/1778331002881_0501016 (2).jpg","","","",""
"701009","Green Cubic Zirconia Ring with Crystal Accents - Artificial Yellow Gold","Rings","","299","499","1","0","Enabled","No","https://www.kaapav.com/web/image/product.template/540/image_1920?unique=efd4046","https://www.kaapav.com/shop/all-jewellery-rings-20/0701009-green-cubic-zirconia-ring-with-crystal-accents-artificial-yellow-gold-540","Anti-Tarnish Artificial Jewellery","","2026-08-02 09:21:45","https://www.kaapav.com/web/image/product.template/540/image_1920?unique=efd4046","https://pub-e8a17aa027ff420f83623e808512141f.r2.dev/1778334868732_0701009 (2).jpg","https://pub-e8a17aa027ff420f83623e808512141f.r2.dev/1778334869250_0701009 (3).jpg","","",""
"202026","Half-Crystal Circle Bolo Bracelet - Artificial Rose Gold","Bracelets","","549","999","2","0","Enabled","No","https://www.kaapav.com/web/image/product.template/503/image_1920?unique=07506e9","https://www.kaapav.com/shop/all-jewellery-bracelets-13/0202026-half-crystal-circle-bolo-bracelet-artificial-rose-gold-503","Anti-Tarnish Artificial Jewellery","","2026-08-02 09:20:19","https://www.kaapav.com/web/image/product.template/503/image_1920?unique=07506e9","https://pub-e8a17aa027ff420f83623e808512141f.r2.dev/1778328475645_0202026 (2).jpg","https://pub-e8a17aa027ff420f83623e808512141f.r2.dev/1778328476419_0202026 (3).jpg","","",""
"202023","Heart & Initial Bolo Bracelet with Crystal Accents - Artificial Rose Gold","Bracelets","","549","999","1","0","Enabled","No","https://www.kaapav.com/web/image/product.template/500/image_1920?unique=585091f","https://www.kaapav.com/shop/all-jewellery-bracelets-13/0202023-heart-initial-bolo-bracelet-with-crystal-accents-artificial-rose-gold-500","Anti-Tarnish Artificial Jewellery","","2026-08-02 09:20:19","https://www.kaapav.com/web/image/product.template/500/image_1920?unique=585091f","https://pub-e8a17aa027ff420f83623e808512141f.r2.dev/1778328323200_0202023 (2).jpg","","","",""
"201011","Heart & Initial Sparkle Bracelet – Artificial Yellow Gold","Bracelets","","549","999","1","0","Enabled","No","https://www.kaapav.com/web/image/product.template/489/image_1920?unique=5b72e4a","https://www.kaapav.com/shop/all-jewellery-bracelets-13/0201011-heart-initial-sparkle-bracelet-artificial-yellow-gold-489","Anti-Tarnish Artificial Jewellery","","2026-08-02 09:20:19","https://www.kaapav.com/web/image/product.template/489/image_1920?unique=5b72e4a","https://pub-e8a17aa027ff420f83623e808512141f.r2.dev/1778326674949_0201011 (2).jpg","","","",""
"302006","Heart Evil Eye Toggle Necklace with Crystal Accent - Artificial Rose Gold","Necklaces","","549","999","2","0","Enabled","No","https://www.kaapav.com/web/image/product.template/511/image_1920?unique=5404c27","https://www.kaapav.com/shop/all-jewellery-necklace-19/0302006-heart-evil-eye-toggle-necklace-with-crystal-accent-artificial-rose-gold-511","Anti-Tarnish Artificial Jewellery","","2026-08-02 09:21:04","https://www.kaapav.com/web/image/product.template/511/image_1920?unique=5404c27","https://pub-e8a17aa027ff420f83623e808512141f.r2.dev/1778331872633_0302006 (2).jpg","","","",""
"302012","Heart Tag Toggle Necklace with Crystal Accents - Artificial Rose Gold","Necklaces","","549","999","1","0","Enabled","No","https://www.kaapav.com/web/image/product.template/517/image_1920?unique=f8ceeca","https://www.kaapav.com/shop/all-jewellery-necklace-19/0302012-heart-tag-toggle-necklace-with-crystal-accents-artificial-rose-gold-517","Anti-Tarnish Artificial Jewellery","","2026-08-02 09:21:04","https://www.kaapav.com/web/image/product.template/517/image_1920?unique=f8ceeca","https://pub-e8a17aa027ff420f83623e808512141f.r2.dev/1778332447453_0302012 (2).jpg","","","",""
"501013","Heart-Shaped Cubic Zirconia Halo Stud Earrings - Artificial Yellow Gold","Earrings","","299","499","2","0","Enabled","No","https://www.kaapav.com/web/image/product.template/574/image_1920?unique=666584a","https://www.kaapav.com/shop/all-jewellery-earrings-21/0501013-heart-shaped-cubic-zirconia-halo-stud-earrings-artificial-yellow-gold-574","Anti-Tarnish Artificial Jewellery","","2026-08-02 09:20:44","https://www.kaapav.com/web/image/product.template/574/image_1920?unique=666584a","https://pub-e8a17aa027ff420f83623e808512141f.r2.dev/1778330883810_0501013 (2).jpg","","","",""
"202016","Iconic Monogram & Flower Bangle - Artificial Rose Gold","Bracelets","","549","999","3","0","Enabled","No","https://www.kaapav.com/web/image/product.template/493/image_1920?unique=d9d30fd","https://www.kaapav.com/shop/all-jewellery-bracelets-13/0202016-iconic-monogram-flower-bangle-artificial-rose-gold-493","Anti-Tarnish Artificial Jewellery","Bestseller","2026-08-02 09:20:19","https://www.kaapav.com/web/image/product.template/493/image_1920?unique=d9d30fd","https://pub-e8a17aa027ff420f83623e808512141f.r2.dev/1778326970719_0202016 (3).jpg","","","",""
"601007","Initial ""G"" Pendant Necklace with Crystal Halo - Artificial Yellow Gold","Pendants","","549","999","2","0","Enabled","No","https://www.kaapav.com/web/image/product.template/560/image_1920?unique=10a8ec9","https://www.kaapav.com/shop/all-jewellery-pendant-22/0601007-initial-g-pendant-necklace-with-crystal-halo-artificial-yellow-gold-560","Anti-Tarnish Artificial Jewellery","","2026-08-02 09:21:26","https://www.kaapav.com/web/image/product.template/560/image_1920?unique=10a8ec9","https://pub-e8a17aa027ff420f83623e808512141f.r2.dev/1778334124913_0601007 (2).jpg","","","",""
"302019","Interlocking Bar Necklace with White Inlay - Artificial Rose Gold","Necklaces","","549","999","2","0","Enabled","No","https://www.kaapav.com/web/image/product.template/524/image_1920?unique=5872a1f","https://www.kaapav.com/shop/all-jewellery-necklace-19/0302019-interlocking-bar-necklace-with-white-inlay-artificial-rose-gold-524","Anti-Tarnish Artificial Jewellery","","2026-08-02 09:21:04","https://www.kaapav.com/web/image/product.template/524/image_1920?unique=5872a1f","https://pub-e8a17aa027ff420f83623e808512141f.r2.dev/1778332762769_0302019 (2).jpg","","","",""
"202022","Intertwined Circles Bolo Bracelet with Crystal Accents - Artificial Rose Gold","Bracelets","","549","999","1","0","Enabled","No","https://www.kaapav.com/web/image/product.template/499/image_1920?unique=2249adb","https://www.kaapav.com/shop/all-jewellery-bracelets-13/0202022-intertwined-circles-bolo-bracelet-with-crystal-accents-artificial-rose-gold-499","Anti-Tarnish Artificial Jewellery","","2026-08-02 09:20:19","https://www.kaapav.com/web/image/product.template/499/image_1920?unique=2249adb","https://pub-e8a17aa027ff420f83623e808512141f.r2.dev/1778328255651_0202022 (2).jpg","","","",""
"601016","Ivory Frame Crystal Pendant – Artificial Yellow Gold","Pendants","","549","999","3","0","Enabled","No","https://www.kaapav.com/web/image/product.template/645/image_1920?unique=6cbf64b","https://www.kaapav.com/shop/all-jewellery-pendant-22/0601016-ivory-frame-crystal-pendant-artificial-yellow-gold-645","Anti-Tarnish Artificial Jewellery","","2026-08-02 09:21:26","https://www.kaapav.com/web/image/product.template/645/image_1920?unique=6cbf64b","https://pub-e8a17aa027ff420f83623e808512141f.r2.dev/1778334317061_0601016 (2).jpg","","","",""
"202020","Layered Butterfly Charm Bracelet - Artificial Rose Gold","Bracelets","","549","999","1","0","Enabled","No","https://www.kaapav.com/web/image/product.template/497/image_1920?unique=e43e0cc","https://www.kaapav.com/shop/all-jewellery-bracelets-13/0202020-layered-butterfly-charm-bracelet-artificial-rose-gold-497","Anti-Tarnish Artificial Jewellery","","2026-08-02 09:20:19","https://www.kaapav.com/web/image/product.template/497/image_1920?unique=e43e0cc","https://pub-e8a17aa027ff420f83623e808512141f.r2.dev/1778328144471_0202020 (3).jpg","","","",""
"302011","Layered Clover Charm Necklace with MOP - Artificial Rose Gold","Necklaces","","549","999","1","0","Enabled","No","https://www.kaapav.com/web/image/product.template/516/image_1920?unique=37dc25f","https://www.kaapav.com/shop/all-jewellery-necklace-19/0302011-layered-clover-charm-necklace-with-mop-artificial-rose-gold-516","Anti-Tarnish Artificial Jewellery","","2026-08-02 09:21:04","https://www.kaapav.com/web/image/product.template/516/image_1920?unique=37dc25f","https://pub-e8a17aa027ff420f83623e808512141f.r2.dev/1778332423884_0302011 (2).jpg","","","",""
"301021","Layered Star Charm Necklace – Artificial Yellow Gold","Necklaces","","549","999","3","0","Enabled","No","https://www.kaapav.com/web/image/product.template/632/image_1920?unique=7972f6f","https://www.kaapav.com/shop/all-jewellery-necklace-19/0301021-layered-star-charm-necklace-artificial-yellow-gold-632","Anti-Tarnish Artificial Jewellery","","2026-08-02 09:21:04","https://www.kaapav.com/web/image/product.template/632/image_1920?unique=7972f6f","https://pub-e8a17aa027ff420f83623e808512141f.r2.dev/1778333136343_0301021 (2).jpg","","","",""
"601019","Love Pearl Circle Pendant Necklace – Artificial Yellow Gold","Pendants","","549","999","3","0","Enabled","No","https://www.kaapav.com/web/image/product.template/648/image_1920?unique=2825f79","https://www.kaapav.com/shop/all-jewellery-pendant-22/0601019-love-pearl-circle-pendant-necklace-artificial-yellow-gold-648","Anti-Tarnish Artificial Jewellery","","2026-08-02 09:21:26","https://www.kaapav.com/web/image/product.template/648/image_1920?unique=2825f79","https://pub-e8a17aa027ff420f83623e808512141f.r2.dev/1778334372450_0601019 (2).jpg","","","",""
"202025","MOP Clover Bolo Bracelet with Crystal Accents - Artificial Rose Gold","Bracelets","","549","999","2","0","Enabled","No","https://www.kaapav.com/web/image/product.template/502/image_1920?unique=9ce9a0c","https://www.kaapav.com/shop/all-jewellery-bracelets-13/0202025-mop-clover-bolo-bracelet-with-crystal-accents-artificial-rose-gold-502","Anti-Tarnish Artificial Jewellery","","2026-08-02 09:20:19","https://www.kaapav.com/web/image/product.template/502/image_1920?unique=9ce9a0c","https://pub-e8a17aa027ff420f83623e808512141f.r2.dev/1778328388345_0202025 (2).jpg","","","",""
"302015","MOP Clover Necklace with Crystal Accents - Artificial Rose Gold","Necklaces","","549","999","2","0","Enabled","No","https://www.kaapav.com/web/image/product.template/520/image_1920?unique=3b0908d","https://www.kaapav.com/shop/all-jewellery-necklace-19/0302015-mop-clover-necklace-with-crystal-accents-artificial-rose-gold-520","Anti-Tarnish Artificial Jewellery","","2026-08-02 09:21:04","https://www.kaapav.com/web/image/product.template/520/image_1920?unique=3b0908d","https://pub-e8a17aa027ff420f83623e808512141f.r2.dev/1778332620966_0302015 (2).jpg","","","",""
"201008","Malachite & Crystal Accent Bracelet- Artificial Yellow Gold","Bracelets","","549","999","2","0","Enabled","No","https://www.kaapav.com/web/image/product.template/486/image_1920?unique=95c850f","https://www.kaapav.com/shop/all-jewellery-bracelets-13/0201008-malachite-crystal-accent-bracelet-artificial-yellow-gold-486","Anti-Tarnish Artificial Jewellery","","2026-08-02 09:20:19","https://www.kaapav.com/web/image/product.template/486/image_1920?unique=95c850f","https://pub-e8a17aa027ff420f83623e808512141f.r2.dev/1778326537441_0201008 (2).jpg","","","",""
"202019","Malachite Clover Charm Bracelet - Artificial Rose Gold","Bracelets","","549","999","2","0","Enabled","Yes","https://www.kaapav.com/web/image/product.template/496/image_1920?unique=aaebfe3","https://www.kaapav.com/shop/all-jewellery-bracelets-13/0202019-malachite-clover-charm-bracelet-artificial-rose-gold-496","Anti-Tarnish Artificial Jewellery","","2026-08-02 09:20:19","https://www.kaapav.com/web/image/product.template/496/image_1920?unique=aaebfe3","https://pub-e8a17aa027ff420f83623e808512141f.r2.dev/1778328066482_0202019 (3).jpg","https://pub-e8a17aa027ff420f83623e808512141f.r2.dev/1778328073485_0202019 (2).jpg","","",""
"701017","Marquise Red Stone and Cubic Zirconia Halo Ring - Artificial Yellow Gold","Rings","","299","499","2","0","Enabled","No","https://www.kaapav.com/web/image/product.template/548/image_1920?unique=96abc05","https://www.kaapav.com/shop/all-jewellery-rings-20/0701017-marquise-red-stone-and-cubic-zirconia-halo-ring-artificial-yellow-gold-548","Anti-Tarnish Artificial Jewellery","","2026-08-02 09:21:45","https://www.kaapav.com/web/image/product.template/548/image_1920?unique=96abc05","https://pub-e8a17aa027ff420f83623e808512141f.r2.dev/1778335329247_0701017 (2).jpg","https://pub-e8a17aa027ff420f83623e808512141f.r2.dev/1778335329953_0701017 (3).jpg","","",""
"202009","Midnight Clover Elegance Bracelet – Artificial Rose Gold","Bracelets","","549","999","2","0","Enabled","No","https://www.kaapav.com/web/image/product.template/487/image_1920?unique=ad6b2ff","https://www.kaapav.com/shop/all-jewellery-bracelets-13/0202009-midnight-clover-elegance-bracelet-artificial-rose-gold-487","Anti-Tarnish Artificial Jewellery","","2026-08-02 09:20:19","https://www.kaapav.com/web/image/product.template/487/image_1920?unique=ad6b2ff","https://pub-e8a17aa027ff420f83623e808512141f.r2.dev/1778326582291_0202009 (3).jpg","","","",""
"601011","Midnight Onyx Bar Pendant – Artificial Yellow Gold","Pendants","","549","999","1","0","Enabled","No","https://www.kaapav.com/web/image/product.template/639/image_1920?unique=06dc3e0","https://www.kaapav.com/shop/all-jewellery-pendant-22/0601011-midnight-onyx-bar-pendant-artificial-yellow-gold-639","Anti-Tarnish Artificial Jewellery","","2026-08-02 09:21:26","https://www.kaapav.com/web/image/product.template/639/image_1920?unique=06dc3e0","https://pub-e8a17aa027ff420f83623e808512141f.r2.dev/1778334217035_0601011 (2).jpg","","","",""
"801013","Midnight Oval Station Necklace Set – Artificial Yellow Gold","Sets","","799","1499","3","0","Enabled","No","https://www.kaapav.com/web/image/product.template/657/image_1920?unique=43f5b4d","https://www.kaapav.com/shop/all-jewellery-earring-pendant-sets-23/0801013-midnight-oval-station-necklace-set-artificial-yellow-gold-657","Anti-Tarnish Artificial Jewellery","","2026-08-02 09:22:40","https://www.kaapav.com/web/image/product.template/657/image_1920?unique=43f5b4d","https://pub-e8a17aa027ff420f83623e808512141f.r2.dev/1778336541427_0801013 (2).jpg","","","",""
"601010","Mirror Frame Crystal Pendant – Artificial Yellow Gold","Pendants","","549","999","1","0","Enabled","No","https://www.kaapav.com/web/image/product.template/638/image_1920?unique=da60311","https://www.kaapav.com/shop/all-jewellery-pendant-22/0601010-mirror-frame-crystal-pendant-artificial-yellow-gold-638","Anti-Tarnish Artificial Jewellery","","2026-08-02 09:21:26","https://www.kaapav.com/web/image/product.template/638/image_1920?unique=da60311","https://pub-e8a17aa027ff420f83623e808512141f.r2.dev/1778334197428_0601010 (2).jpg","","","",""
"302014","Monogrammed Oval Pendant Necklace with Charms - Artificial Rose Gold","Necklaces","","549","999","1","0","Enabled","No","https://www.kaapav.com/web/image/product.template/519/image_1920?unique=b65afa4","https://www.kaapav.com/shop/all-jewellery-necklace-19/0302014-monogrammed-oval-pendant-necklace-with-charms-artificial-rose-gold-519","Anti-Tarnish Artificial Jewellery","","2026-08-02 09:21:04","https://www.kaapav.com/web/image/product.template/519/image_1920?unique=b65afa4","https://pub-e8a17aa027ff420f83623e808512141f.r2.dev/1778332574011_0302014 (2).jpg","","","",""
"301010","Openwork Butterfly Necklace with Crystal Accent - Artificial Rose Gold","Necklaces","","549","999","1","0","Enabled","No","https://pub-e8a17aa027ff420f83623e808512141f.r2.dev/1778332138112_0301010.jpg","https://www.kaapav.com/shop/all-jewellery-necklace-19/0301010-openwork-butterfly-necklace-with-crystal-accent-artificial-rose-gold-515","Anti-Tarnish Artificial Jewellery","","2026-08-02 09:21:04","https://pub-e8a17aa027ff420f83623e808512141f.r2.dev/1778332138112_0301010.jpg","https://pub-e8a17aa027ff420f83623e808512141f.r2.dev/1778332137495_0301010 (2).jpg","","","",""
"802011","Pastel Butterfly Triangle Pendant Set – Artificial Rose Gold","Sets","","799","1499","3","0","Enabled","No","https://www.kaapav.com/web/image/product.template/655/image_1920?unique=0c8bccb","https://www.kaapav.com/shop/all-jewellery-earring-pendant-sets-23/0802011-pastel-butterfly-triangle-pendant-set-artificial-rose-gold-655","Anti-Tarnish Artificial Jewellery","","2026-08-02 09:22:40","https://www.kaapav.com/web/image/product.template/655/image_1920?unique=0c8bccb","https://pub-e8a17aa027ff420f83623e808512141f.r2.dev/1778336501725_0802011 (2).jpg","","","",""
"501020","Pastel Floral Cluster Earrings – Artificial Yellow Gold","Earrings","","299","499","3","0","Enabled","No","https://www.kaapav.com/web/image/product.template/624/image_1920?unique=8fc0bb8","https://www.kaapav.com/shop/all-jewellery-earrings-21/0501020-pastel-floral-cluster-earrings-artificial-yellow-gold-624","Anti-Tarnish Artificial Jewellery","","2026-08-02 09:20:44","https://www.kaapav.com/web/image/product.template/624/image_1920?unique=8fc0bb8","https://pub-e8a17aa027ff420f83623e808512141f.r2.dev/1778331140519_0501020 (2).jpg","","","",""
"701003","Pear Cut Red Stone Halo Ring with Crystal Pave Band - Artificial Yellow Gold","Rings","","299","499","3","0","Enabled","No","https://www.kaapav.com/web/image/product.template/534/image_1920?unique=a25f3fb","https://www.kaapav.com/shop/all-jewellery-rings-20/0701003-pear-cut-red-stone-halo-ring-with-crystal-pave-band-artificial-yellow-gold-534","Anti-Tarnish Artificial Jewellery","","2026-08-02 09:21:45","https://www.kaapav.com/web/image/product.template/534/image_1920?unique=a25f3fb","https://pub-e8a17aa027ff420f83623e808512141f.r2.dev/1778334692766_0701003 (2).jpg","https://pub-e8a17aa027ff420f83623e808512141f.r2.dev/1778334693274_0701003 (3).jpg","","",""
"801004","Pear-Shaped Crystal Pendant and Earrings Set - Artificial Yellow Gold","Sets","","799","1499","4","0","Enabled","No","https://www.kaapav.com/web/image/product.template/529/image_1920?unique=f541fe4","https://www.kaapav.com/shop/all-jewellery-earring-pendant-sets-23/0801004-pear-shaped-crystal-pendant-and-earrings-set-artificial-yellow-gold-529","Anti-Tarnish Artificial Jewellery","Bestseller","2026-08-02 09:22:40","https://www.kaapav.com/web/image/product.template/529/image_1920?unique=f541fe4","https://pub-e8a17aa027ff420f83623e808512141f.r2.dev/1778336320225_0802006 (2).jpg","","","",""
"601020","Pearl Crystal Shell Pendant – Artificial Yellow Gold","Pendants","","549","999","3","0","Enabled","No","https://www.kaapav.com/web/image/product.template/649/image_1920?unique=0ffa587","https://www.kaapav.com/shop/all-jewellery-pendant-22/0601020-pearl-crystal-shell-pendant-artificial-yellow-gold-649","Anti-Tarnish Artificial Jewellery","","2026-08-02 09:21:26","https://www.kaapav.com/web/image/product.template/649/image_1920?unique=0ffa587","https://pub-e8a17aa027ff420f83623e808512141f.r2.dev/1778334392361_0601020 (2).jpg","","","",""
"501019","Pearl Flower Drop Earrings – Artificial Yellow Gold","Earrings","","299","499","3","0","Enabled","No","https://www.kaapav.com/web/image/product.template/623/image_1920?unique=c4d7fe6","https://www.kaapav.com/shop/all-jewellery-earrings-21/0501019-pearl-flower-drop-earrings-artificial-yellow-gold-623","Anti-Tarnish Artificial Jewellery","","2026-08-02 09:20:44","https://www.kaapav.com/web/image/product.template/623/image_1920?unique=c4d7fe6","https://pub-e8a17aa027ff420f83623e808512141f.r2.dev/1778331075015_0501019 (2).jpg","","","",""
"601021","Pearl Sunray Shell Pendant – Artificial Yellow Gold","Pendants","","549","999","3","0","Enabled","No","https://www.kaapav.com/web/image/product.template/650/image_1920?unique=7d0a5b6","https://www.kaapav.com/shop/all-jewellery-pendant-22/0601021-pearl-sunray-shell-pendant-artificial-yellow-gold-650","Anti-Tarnish Artificial Jewellery","","2026-08-02 09:21:26","https://www.kaapav.com/web/image/product.template/650/image_1920?unique=7d0a5b6","https://pub-e8a17aa027ff420f83623e808512141f.r2.dev/1778334411482_0601021 (2).jpg","","","",""
"602002","Pearl Whisper Bow Pendant – Artificial Rose Gold","Pendants","","549","999","1","0","Enabled","No","https://www.kaapav.com/web/image/product.template/555/image_1920?unique=6095cd6","https://www.kaapav.com/shop/all-jewellery-pendant-22/0602002-pearl-whisper-bow-pendant-artificial-rose-gold-555","Anti-Tarnish Artificial Jewellery","","2026-08-02 09:21:26","https://www.kaapav.com/web/image/product.template/555/image_1920?unique=6095cd6","https://pub-e8a17aa027ff420f83623e808512141f.r2.dev/1778334000149_0602002 (2).jpg","","","",""
"601009","Radiant Baguette Crystal Pendant – Artificial Yellow Gold","Pendants","","549","999","1","0","Enabled","No","https://www.kaapav.com/web/image/product.template/637/image_1920?unique=3314dee","https://www.kaapav.com/shop/all-jewellery-pendant-22/0601009-radiant-baguette-crystal-pendant-artificial-yellow-gold-637","Anti-Tarnish Artificial Jewellery","","2026-08-02 09:21:26","https://www.kaapav.com/web/image/product.template/637/image_1920?unique=3314dee","https://pub-e8a17aa027ff420f83623e808512141f.r2.dev/1778334161671_0601009 (2).jpg","","","",""
"602006","Radiant Crystal Halo Pendant Necklace - Artificial Rose Gold","Pendants","","549","999","2","0","Enabled","No","https://www.kaapav.com/web/image/product.template/559/image_1920?unique=54aafbf","https://www.kaapav.com/shop/all-jewellery-pendant-22/0602006-radiant-crystal-halo-pendant-necklace-artificial-rose-gold-559","Anti-Tarnish Artificial Jewellery","","2026-08-02 09:21:26","https://www.kaapav.com/web/image/product.template/559/image_1920?unique=54aafbf","https://pub-e8a17aa027ff420f83623e808512141f.r2.dev/1778334091116_0602006 (2).jpg","","","",""
"501008","Rectangular Baguette and Round Crystal Stud Earrings - Artificial Rose Gold","Earrings","","299","499","1","0","Enabled","No","https://www.kaapav.com/web/image/product.template/569/image_1920?unique=3021544","https://www.kaapav.com/shop/all-jewellery-earrings-21/0501008-rectangular-baguette-and-round-crystal-stud-earrings-artificial-rose-gold-569","Anti-Tarnish Artificial Jewellery","","2026-08-02 09:20:44","https://www.kaapav.com/web/image/product.template/569/image_1920?unique=3021544","https://pub-e8a17aa027ff420f83623e808512141f.r2.dev/1778330707678_0501008 (2).jpg","https://pub-e8a17aa027ff420f83623e808512141f.r2.dev/1778330708372_0501008 (3).jpg","","",""
"501011","Rectangular Ruby Cubic Zirconia Halo Stud Earrings - Artificial Yellow Gold","Earrings","","299","499","2","0","Enabled","No","https://www.kaapav.com/web/image/product.template/572/image_1920?unique=f20f123","https://www.kaapav.com/shop/all-jewellery-earrings-21/0501011-rectangular-ruby-cubic-zirconia-halo-stud-earrings-artificial-yellow-gold-572","Anti-Tarnish Artificial Jewellery","","2026-08-02 09:20:44","https://www.kaapav.com/web/image/product.template/572/image_1920?unique=f20f123","https://pub-e8a17aa027ff420f83623e808512141f.r2.dev/1778330820287_0501011 (2).jpg","","","",""
"701041","Rose Prism Solitaire Ring – Artificial Yellow Gold","Rings","","299","499","2","0","Enabled","No","https://www.kaapav.com/web/image/product.template/663/image_1920?unique=94b2340","https://www.kaapav.com/shop/all-jewellery-rings-20/0701041-rose-prism-solitaire-ring-artificial-yellow-gold-663","Anti-Tarnish Artificial Jewellery","","2026-08-02 09:21:45","https://www.kaapav.com/web/image/product.template/663/image_1920?unique=94b2340","https://pub-e8a17aa027ff420f83623e808512141f.r2.dev/1778336190405_0701041 (2).jpg","","","",""
"303023","Rotating Floral Crystal Necklace – Artificial White Gold","Necklaces","","549","999","3","0","Enabled","No","https://www.kaapav.com/web/image/product.template/635/image_1920?unique=d62d7a7","https://www.kaapav.com/shop/all-jewellery-necklace-19/0303022-rotating-floral-crystal-necklace-artificial-white-gold-635","","","2026-08-02 09:21:04","https://www.kaapav.com/web/image/product.template/635/image_1920?unique=d62d7a7","https://pub-e8a17aa027ff420f83623e808512141f.r2.dev/1778333495310_0303023 (2).jpg","","","",""
"303024","Rotating Pearl Floral Necklace – Artificial White Gold","Necklaces","","549","999","3","0","Enabled","No","https://www.kaapav.com/web/image/product.template/636/image_1920?unique=2a2002e","https://www.kaapav.com/shop/all-jewellery-necklace-19/0303023-rotating-pearl-floral-necklace-artificial-white-gold-636","","On Offer","2026-08-02 09:21:04","https://www.kaapav.com/web/image/product.template/636/image_1920?unique=2a2002e","https://pub-e8a17aa027ff420f83623e808512141f.r2.dev/1778333360034_0303024 (2).jpg","","","",""
"303022","Rotating Sunflower Crystal Necklace – Artificial White Gold","Necklaces","","549","999","3","0","Enabled","No","https://www.kaapav.com/web/image/product.template/634/image_1920?unique=9a87c6b","https://www.kaapav.com/shop/all-jewellery-necklace-19/0303021-rotating-sunflower-crystal-necklace-artificial-white-gold-634","","","2026-08-02 09:21:04","https://www.kaapav.com/web/image/product.template/634/image_1920?unique=9a87c6b","https://pub-e8a17aa027ff420f83623e808512141f.r2.dev/1778333285906_0303022 (2).jpg","","","",""
"701004","Round  White Stone Ring with Twisted Crystal Accents - Artificial Yellow Gold","Rings","","299","499","2","0","Enabled","No","https://www.kaapav.com/web/image/product.template/535/image_1920?unique=02ee33d","https://www.kaapav.com/shop/all-jewellery-rings-20/0701004-round-white-stone-ring-with-twisted-crystal-accents-artificial-yellow-gold-535","Anti-Tarnish Artificial Jewellery","","2026-08-02 09:21:45","https://www.kaapav.com/web/image/product.template/535/image_1920?unique=02ee33d","https://pub-e8a17aa027ff420f83623e808512141f.r2.dev/1778334720769_0701004 (2).jpg","https://pub-e8a17aa027ff420f83623e808512141f.r2.dev/1778334721454_0701004 (3).jpg","","",""
"701008","Round Aquamarine Colour Stone and Baguette Crystal Ring - Artificial Yellow Gold","Rings","","299","499","2","0","Enabled","No","https://www.kaapav.com/web/image/product.template/539/image_1920?unique=b9bce61","https://www.kaapav.com/shop/all-jewellery-rings-20/0701008-round-aquamarine-colour-stone-and-baguette-crystal-ring-artificial-yellow-gold-539","Anti-Tarnish Artificial Jewellery","","2026-08-02 09:21:45","https://www.kaapav.com/web/image/product.template/539/image_1920?unique=b9bce61","https://pub-e8a17aa027ff420f83623e808512141f.r2.dev/1778334836885_0701008 (2).jpg","https://pub-e8a17aa027ff420f83623e808512141f.r2.dev/1778334837764_0701008 (3).jpg","","",""
"701007","Round Blue Stone Halo Ring with Crystal Accents - Artificial Yellow Gold","Rings","","299","499","2","0","Enabled","No","https://www.kaapav.com/web/image/product.template/538/image_1920?unique=db3fa04","https://www.kaapav.com/shop/all-jewellery-rings-20/0701007-round-blue-stone-halo-ring-with-crystal-accents-artificial-yellow-gold-538","Anti-Tarnish Artificial Jewellery","","2026-08-02 09:21:45","https://www.kaapav.com/web/image/product.template/538/image_1920?unique=db3fa04","https://pub-e8a17aa027ff420f83623e808512141f.r2.dev/1778334810655_0701007 (3).jpg","https://pub-e8a17aa027ff420f83623e808512141f.r2.dev/1778334810125_0701007 (2).jpg","","",""
"701016","Round Blue Stone with Twisted Crystal Accents - Artificial Yellow Gold","Rings","","299","499","2","0","Enabled","No","https://www.kaapav.com/web/image/product.template/547/image_1920?unique=2eff9ba","https://www.kaapav.com/shop/all-jewellery-rings-20/0701016-round-blue-stone-with-twisted-crystal-accents-artificial-yellow-gold-547","Anti-Tarnish Artificial Jewellery","","2026-08-02 09:21:45","https://www.kaapav.com/web/image/product.template/547/image_1920?unique=2eff9ba","https://pub-e8a17aa027ff420f83623e808512141f.r2.dev/1778335099167_0701016 (2).jpg","https://pub-e8a17aa027ff420f83623e808512141f.r2.dev/1778335099756_0701016 (3).jpg","","",""
"701001","Round Champagne Ring with Crystal Pave Bands - Artificial Yellow Gold","Rings","","299","499","2","0","Enabled","No","https://www.kaapav.com/web/image/product.template/532/image_1920?unique=16d1129","https://www.kaapav.com/shop/all-jewellery-rings-20/0701001-round-champagne-ring-with-crystal-pave-bands-artificial-yellow-gold-532","Anti-Tarnish Artificial Jewellery","","2026-08-02 09:21:45","https://www.kaapav.com/web/image/product.template/532/image_1920?unique=16d1129","https://pub-e8a17aa027ff420f83623e808512141f.r2.dev/1778334504945_0701001 (2).jpg","https://pub-e8a17aa027ff420f83623e808512141f.r2.dev/1778334505968_0701001 (3).jpg","","",""
"701019","Round Champagne Topaz Ring with Crystal Pave Bands - Artificial Yellow Gold","Rings","","299","499","2","0","Enabled","No","https://www.kaapav.com/web/image/product.template/550/image_1920?unique=a835710","https://www.kaapav.com/shop/all-jewellery-rings-20/0701019-round-champagne-topaz-ring-with-crystal-pave-bands-artificial-yellow-gold-550","Anti-Tarnish Artificial Jewellery","","2026-08-02 09:21:45","https://www.kaapav.com/web/image/product.template/550/image_1920?unique=a835710","https://pub-e8a17aa027ff420f83623e808512141f.r2.dev/1778335389530_0701019 (2).jpg","https://pub-e8a17aa027ff420f83623e808512141f.r2.dev/1778335391615_0701019 (3).jpg","","",""
"502014","Round Crystal Cluster Stud Earrings - Artificial Rose Gold","Earrings","","299","499","2","0","Enabled","No","https://www.kaapav.com/web/image/product.template/575/image_1920?unique=b1e9f9d","https://www.kaapav.com/shop/all-jewellery-earrings-21/0502014-round-crystal-cluster-stud-earrings-artificial-rose-gold-575","Anti-Tarnish Artificial Jewellery","","2026-08-02 09:20:44","https://www.kaapav.com/web/image/product.template/575/image_1920?unique=b1e9f9d","https://pub-e8a17aa027ff420f83623e808512141f.r2.dev/1778330948377_0502014 (2).jpg","","","",""
"701022","Round Emerald Green Cubic Zirconia Halo Ring with Pave Band - Artificial Yellow Gold","Rings","","299","499","2","0","Enabled","No","https://www.kaapav.com/web/image/product.template/553/image_1920?unique=a16f5e8","https://www.kaapav.com/shop/all-jewellery-rings-20/0701022-round-emerald-green-cubic-zirconia-halo-ring-with-pave-band-artificial-yellow-gold-553","Anti-Tarnish Artificial Jewellery","","2026-08-02 09:21:45","https://www.kaapav.com/web/image/product.template/553/image_1920?unique=a16f5e8","https://pub-e8a17aa027ff420f83623e808512141f.r2.dev/1778335509553_0701022 (2).jpg","https://pub-e8a17aa027ff420f83623e808512141f.r2.dev/1778335510174_0701022 (3).jpg","","",""
"501004","Round Halo Stud Earrings with Rectangular Cubic Zirconia - Artificial Yellow Gold","Earrings","","299","499","2","0","Enabled","No","https://www.kaapav.com/web/image/product.template/565/image_1920?unique=721f939","https://www.kaapav.com/shop/all-jewellery-earrings-21/0501004-round-halo-stud-earrings-with-rectangular-cubic-zirconia-artificial-yellow-gold-565","Anti-Tarnish Artificial Jewellery","","2026-08-02 09:20:44","https://www.kaapav.com/web/image/product.template/565/image_1920?unique=721f939","https://pub-e8a17aa027ff420f83623e808512141f.r2.dev/1778330537061_0501004 (2).jpg","","","",""
"701020","Round Light Pink Cubic Zirconia Halo Ring with Crystal Accents - Artificial Yellow Gold","Rings","","299","499","2","0","Enabled","No","https://www.kaapav.com/web/image/product.template/551/image_1920?unique=85f05c1","https://www.kaapav.com/shop/all-jewellery-rings-20/0701020-round-light-pink-cubic-zirconia-halo-ring-with-crystal-accents-artificial-yellow-gold-551","Anti-Tarnish Artificial Jewellery","","2026-08-02 09:21:45","https://www.kaapav.com/web/image/product.template/551/image_1920?unique=85f05c1","https://pub-e8a17aa027ff420f83623e808512141f.r2.dev/1778335460025_0701020 (2).jpg","https://pub-e8a17aa027ff420f83623e808512141f.r2.dev/1778335461107_0701020 (3).jpg","","",""
"501006","Round Openwork Crystal Stud Earrings - Artificial Yellow Gold","Earrings","","299","499","2","0","Enabled","No","https://www.kaapav.com/web/image/product.template/567/image_1920?unique=6534507","https://www.kaapav.com/shop/all-jewellery-earrings-21/0501006-round-openwork-crystal-stud-earrings-artificial-yellow-gold-567","Anti-Tarnish Artificial Jewellery","","2026-08-02 09:20:44","https://www.kaapav.com/web/image/product.template/567/image_1920?unique=6534507","https://pub-e8a17aa027ff420f83623e808512141f.r2.dev/1778330650245_0501006 (2).jpg","","","",""
"701021","Round Red Cubic Zirconia Halo Ring with Crystal Accents - Artificial Yellow Gold","Rings","","299","499","2","0","Enabled","No","https://www.kaapav.com/web/image/product.template/552/image_1920?unique=30d0cbf","https://www.kaapav.com/shop/all-jewellery-rings-20/0701021-round-red-cubic-zirconia-halo-ring-with-crystal-accents-artificial-yellow-gold-552","Anti-Tarnish Artificial Jewellery","","2026-08-02 09:21:45","https://www.kaapav.com/web/image/product.template/552/image_1920?unique=30d0cbf","https://pub-e8a17aa027ff420f83623e808512141f.r2.dev/1778335484467_0701021 (2).jpg","https://pub-e8a17aa027ff420f83623e808512141f.r2.dev/1778335485585_0701021 (3).jpg","","",""
"701005","Round Red Stone and Baguette Crystal Ring - Artificial Yellow Gold","Rings","","299","499","2","0","Enabled","No","https://www.kaapav.com/web/image/product.template/536/image_1920?unique=d7a6951","https://www.kaapav.com/shop/all-jewellery-rings-20/0701005-round-red-stone-and-baguette-crystal-ring-artificial-yellow-gold-536","Anti-Tarnish Artificial Jewellery","","2026-08-02 09:21:45","https://www.kaapav.com/web/image/product.template/536/image_1920?unique=d7a6951","https://pub-e8a17aa027ff420f83623e808512141f.r2.dev/1778334749285_0701005 (2).jpg","https://pub-e8a17aa027ff420f83623e808512141f.r2.dev/1778334750046_0701005 (3).jpg","","",""
"501005","Round Ruby and Cubic Zirconia Pave Stud Earrings - Artificial Yellow Gold","Earrings","","299","499","2","0","Enabled","No","https://www.kaapav.com/web/image/product.template/566/image_1920?unique=0138de5","https://www.kaapav.com/shop/all-jewellery-earrings-21/0501005-round-ruby-and-cubic-zirconia-pave-stud-earrings-artificial-yellow-gold-566","Anti-Tarnish Artificial Jewellery","","2026-08-02 09:20:44","https://www.kaapav.com/web/image/product.template/566/image_1920?unique=0138de5","https://pub-e8a17aa027ff420f83623e808512141f.r2.dev/1778330621231_0501005 (3).jpg","","","",""
"801016","Sage Oval Station Necklace Set – Artificial Yellow Gold","Sets","","799","1499","3","0","Enabled","No","https://www.kaapav.com/web/image/product.template/660/image_1920?unique=3004e37","https://www.kaapav.com/shop/all-jewellery-earring-pendant-sets-23/0801016-sage-oval-station-necklace-set-artificial-yellow-gold-660","Anti-Tarnish Artificial Jewellery","","2026-08-02 09:22:40","https://www.kaapav.com/web/image/product.template/660/image_1920?unique=3004e37","https://pub-e8a17aa027ff420f83623e808512141f.r2.dev/1778336606743_0801016 (2).jpg","","","",""
"301003","Sparkling Crystal Flower Pendant Necklace - Artificial Yellow Gold","Necklaces","","549","999","1","0","Enabled","No","https://www.kaapav.com/web/image/product.template/508/image_1920?unique=41f3eae","https://www.kaapav.com/shop/all-jewellery-necklace-19/0301003-sparkling-crystal-flower-pendant-necklace-artificial-yellow-gold-508","Anti-Tarnish Artificial Jewellery","","2026-08-02 09:21:04","https://www.kaapav.com/web/image/product.template/508/image_1920?unique=41f3eae","https://pub-e8a17aa027ff420f83623e808512141f.r2.dev/1778331698578_0301003 (2).jpg","","","",""
"202004","Sparkling Evil Eye Bracelet - Artificial Yellow Gold","Bracelets","","549","999","1","0","Enabled","No","https://www.kaapav.com/web/image/product.template/482/image_1920?unique=dfd17a6","https://www.kaapav.com/shop/all-jewellery-bracelets-13/0202004-sparkling-evil-eye-bracelet-artificial-yellow-gold-482","Anti-Tarnish Artificial Jewellery","","2026-08-02 09:20:19","https://www.kaapav.com/web/image/product.template/482/image_1920?unique=dfd17a6","https://pub-e8a17aa027ff420f83623e808512141f.r2.dev/1778326366696_0202004 (2).jpg","","","",""
"201014","Sparkling Evil Eye Charm Bracelet - Artificial Rose Gold","Bracelets","","549","999","1","0","Enabled","No","https://www.kaapav.com/web/image/product.template/492/image_1920?unique=ff84726","https://www.kaapav.com/shop/all-jewellery-bracelets-13/0201014-sparkling-evil-eye-charm-bracelet-artificial-rose-gold-492","Anti-Tarnish Artificial Jewellery","","2026-08-02 09:20:19","https://www.kaapav.com/web/image/product.template/492/image_1920?unique=ff84726","https://pub-e8a17aa027ff420f83623e808512141f.r2.dev/1778326844241_0201014 (2).jpg","","","",""
"201012","Sparkling Evil Eye Charm Bracelet - Artificial Yellow Gold","Bracelets","","549","999","1","0","Enabled","No","https://www.kaapav.com/web/image/product.template/490/image_1920?unique=5ff97c2","https://www.kaapav.com/shop/all-jewellery-bracelets-13/0201012-sparkling-evil-eye-charm-bracelet-artificial-yellow-gold-490","Anti-Tarnish Artificial Jewellery","","2026-08-02 09:20:19","https://www.kaapav.com/web/image/product.template/490/image_1920?unique=5ff97c2","https://pub-e8a17aa027ff420f83623e808512141f.r2.dev/1778326710878_0201012 (2).jpg","","","",""
"301009","Sparkling Floral Cluster Openable Pendant Necklace - Artificial Rose Gold","Necklaces","","549","999","1","0","Enabled","No","https://www.kaapav.com/web/image/product.template/514/image_1920?unique=46655b1","https://www.kaapav.com/shop/all-jewellery-necklace-19/0301009-sparkling-floral-cluster-openable-pendant-necklace-artificial-rose-gold-514","Anti-Tarnish Artificial Jewellery","","2026-08-02 09:21:04","https://www.kaapav.com/web/image/product.template/514/image_1920?unique=46655b1","https://pub-e8a17aa027ff420f83623e808512141f.r2.dev/1778331948446_0301009 (2).jpg","https://pub-e8a17aa027ff420f83623e808512141f.r2.dev/1778331949083_0301009 (3).jpg","","",""
"303001","Sparkling Flower Pendant Necklace - Artificial White Gold","Necklaces","","549","999","1","0","Enabled","No","https://www.kaapav.com/web/image/product.template/506/image_1920?unique=67b67bd","https://www.kaapav.com/shop/all-jewellery-necklace-19/0303001-sparkling-flower-pendant-necklace-artificial-white-gold-506","Anti-Tarnish Artificial Jewellery","","2026-08-02 09:21:04","https://www.kaapav.com/web/image/product.template/506/image_1920?unique=67b67bd","https://pub-e8a17aa027ff420f83623e808512141f.r2.dev/1778331590788_0303001 (2).jpg","","","",""
"301007","Sparkling Snowflake Rotating Pendant Necklace - Artificial Yellow Gold","Necklaces","","549","999","2","0","Enabled","No","https://www.kaapav.com/web/image/product.template/512/image_1920?unique=785bf47","https://www.kaapav.com/shop/all-jewellery-necklace-19/0301007-sparkling-snowflake-rotating-pendant-necklace-artificial-yellow-gold-512","Anti-Tarnish Artificial Jewellery","","2026-08-02 09:21:04","https://www.kaapav.com/web/image/product.template/512/image_1920?unique=785bf47","https://pub-e8a17aa027ff420f83623e808512141f.r2.dev/1778331900224_0301007 (2).jpg","","","",""
"202027","Sparkling Star & Crystal Bolo Bracelet - Artificial Rose Gold","Bracelets","","549","999","2","0","Enabled","No","https://www.kaapav.com/web/image/product.template/504/image_1920?unique=2f556b6","https://www.kaapav.com/shop/all-jewellery-bracelets-13/0202027-sparkling-star-crystal-bolo-bracelet-artificial-rose-gold-504","Anti-Tarnish Artificial Jewellery","","2026-08-02 09:20:19","https://www.kaapav.com/web/image/product.template/504/image_1920?unique=2f556b6","https://pub-e8a17aa027ff420f83623e808512141f.r2.dev/1778328504572_0202027 (2).jpg","","","",""
"701010","Square Champagne Cubic Zirconia Halo Ring with Crystal Accents - Artificial Yellow Gold","Rings","","299","499","2","0","Enabled","No","https://www.kaapav.com/web/image/product.template/541/image_1920?unique=07f0d60","https://www.kaapav.com/shop/all-jewellery-rings-20/0701010-square-champagne-cubic-zirconia-halo-ring-with-crystal-accents-artificial-yellow-gold-541","Anti-Tarnish Artificial Jewellery","","2026-08-02 09:21:45","https://www.kaapav.com/web/image/product.template/541/image_1920?unique=07f0d60","https://pub-e8a17aa027ff420f83623e808512141f.r2.dev/1778334944352_0701010 (2).jpg","https://pub-e8a17aa027ff420f83623e808512141f.r2.dev/1778334927201_0701010 (3).jpg","","",""
"501001","Square Ruby Cubic Zirconia Double Halo Stud Earrings - Artificial Yellow Gold","Earrings","","299","499","3","0","Enabled","No","https://www.kaapav.com/web/image/product.template/562/image_1920?unique=87e7c62","https://www.kaapav.com/shop/all-jewellery-earrings-21/0501001-square-ruby-cubic-zirconia-double-halo-stud-earrings-artificial-yellow-gold-562","Anti-Tarnish Artificial Jewellery","","2026-08-02 09:20:44","https://www.kaapav.com/web/image/product.template/562/image_1920?unique=87e7c62","https://pub-e8a17aa027ff420f83623e808512141f.r2.dev/1778330460929_0501001 (2).jpg","","","",""
"201017","Stellar Dreams Star Bracelet – Artificial Yellow Gold","Bracelets","","549","999","2","0","Enabled","No","https://www.kaapav.com/web/image/product.template/494/image_1920?unique=bdd3d71","https://www.kaapav.com/shop/all-jewellery-bracelets-13/0201017-stellar-dreams-star-bracelet-artificial-yellow-gold-494","Anti-Tarnish Artificial Jewellery","","2026-08-02 09:20:19","https://www.kaapav.com/web/image/product.template/494/image_1920?unique=bdd3d71","https://pub-e8a17aa027ff420f83623e808512141f.r2.dev/1778328009777_0201017 (2).jpg","","","",""
"501026","Textured Crescent Hoop Earrings – Artificial Yellow Gold","Earrings","","299","499","3","0","Enabled","No","https://www.kaapav.com/web/image/product.template/630/image_1920?unique=b48438d","https://www.kaapav.com/shop/all-jewellery-earrings-21/0501026-textured-crescent-hoop-earrings-artificial-yellow-gold-630","Anti-Tarnish Artificial Jewellery","","2026-08-02 09:20:44","https://www.kaapav.com/web/image/product.template/630/image_1920?unique=b48438d","https://pub-e8a17aa027ff420f83623e808512141f.r2.dev/1778331314901_0501026 (2).jpg","","","",""
"501027","Textured Leaf Hoop Earrings – Artificial Yellow Gold","Earrings","","299","499","3","0","Enabled","No","https://www.kaapav.com/web/image/product.template/631/image_1920?unique=04bdf38","https://www.kaapav.com/shop/all-jewellery-earrings-21/0501027-textured-leaf-hoop-earrings-artificial-yellow-gold-631","Anti-Tarnish Artificial Jewellery","","2026-08-02 09:20:44","https://www.kaapav.com/web/image/product.template/631/image_1920?unique=04bdf38","https://pub-e8a17aa027ff420f83623e808512141f.r2.dev/1778331338044_0501027 (2).jpg","","","",""
"501024","Textured Trapeze Hoop Earrings – Artificial Yellow Gold","Earrings","","299","499","4","0","Enabled","No","https://www.kaapav.com/web/image/product.template/628/image_1920?unique=abd3ce1","https://www.kaapav.com/shop/all-jewellery-earrings-21/0501024-textured-trapeze-hoop-earrings-artificial-yellow-gold-628","Anti-Tarnish Artificial Jewellery","","2026-08-02 09:20:44","https://www.kaapav.com/web/image/product.template/628/image_1920?unique=abd3ce1","https://pub-e8a17aa027ff420f83623e808512141f.r2.dev/1778331258945_0501024 (2).jpg","","","",""
"601004","Three-Leaf Clover Necklace with Mother of Pearl - Artificial Yellow Gold","Pendants","","549","999","2","0","Enabled","No","https://www.kaapav.com/web/image/product.template/557/image_1920?unique=19578f2","https://www.kaapav.com/shop/all-jewellery-pendant-22/0601004-three-leaf-clover-necklace-with-mother-of-pearl-artificial-yellow-gold-557","Anti-Tarnish Artificial Jewellery","","2026-08-02 09:21:26","https://www.kaapav.com/web/image/product.template/557/image_1920?unique=19578f2","https://pub-e8a17aa027ff420f83623e808512141f.r2.dev/1778334045024_0601004 (2).jpg","","","",""
"501003","Triangular Cubic Zirconia Stud Earrings - Artificial Yellow Gold","Earrings","","299","499","2","0","Enabled","No","https://www.kaapav.com/web/image/product.template/564/image_1920?unique=a27b20f","https://www.kaapav.com/shop/all-jewellery-earrings-21/0501003-triangular-cubic-zirconia-stud-earrings-artificial-yellow-gold-564","Anti-Tarnish Artificial Jewellery","","2026-08-02 09:20:44","https://www.kaapav.com/web/image/product.template/564/image_1920?unique=a27b20f","https://pub-e8a17aa027ff420f83623e808512141f.r2.dev/1778330510316_0501003 (2).jpg","","","",""
"302018","Triple Layered Chain Necklace with Turquoise Accents - Artificial Rose Gold","Necklaces","","549","999","2","0","Enabled","No","https://www.kaapav.com/web/image/product.template/523/image_1920?unique=d5000c5","https://www.kaapav.com/shop/all-jewellery-necklace-19/0302018-triple-layered-chain-necklace-with-turquoise-accents-artificial-rose-gold-523","Anti-Tarnish Artificial Jewellery","","2026-08-02 09:21:04","https://www.kaapav.com/web/image/product.template/523/image_1920?unique=d5000c5","https://pub-e8a17aa027ff420f83623e808512141f.r2.dev/1778332740753_0302018 (2).jpg","","","",""
"701018","Verdant Radiance Duo Ring – Artificial Yellow Gold","Rings","","299","499","2","0","Enabled","No","https://www.kaapav.com/web/image/product.template/549/image_1920?unique=b054c04","https://www.kaapav.com/shop/all-jewellery-rings-20/0701018-verdant-radiance-duo-ring-artificial-yellow-gold-549","Anti-Tarnish Artificial Jewellery","","2026-08-02 09:21:45","https://www.kaapav.com/web/image/product.template/549/image_1920?unique=b054c04","https://pub-e8a17aa027ff420f83623e808512141f.r2.dev/1778335354237_0701018 (2).jpg","https://pub-e8a17aa027ff420f83623e808512141f.r2.dev/1778335354894_0701018 (3).jpg","","",""
"201007","Wave Pattern Hinged Bracelet – Artificial Yellow Gold","Bracelets","","549","999","1","0","Enabled","No","https://www.kaapav.com/web/image/product.template/485/image_1920?unique=22bedfc","https://www.kaapav.com/shop/all-jewellery-bracelets-13/0201007-wave-pattern-hinged-bracelet-artificial-yellow-gold-485","Anti-Tarnish Artificial Jewellery","","2026-08-02 09:20:19","https://www.kaapav.com/web/image/product.template/485/image_1920?unique=22bedfc","https://pub-e8a17aa027ff420f83623e808512141f.r2.dev/1778326500746_0201007.jpg","","","",""
"501022","White Floral Cluster Stud Earrings – Artificial Yellow Gold","Earrings","","299","499","3","0","Enabled","No","https://www.kaapav.com/web/image/product.template/626/image_1920?unique=2758ef9","https://www.kaapav.com/shop/all-jewellery-earrings-21/0501022-white-floral-cluster-stud-earrings-artificial-yellow-gold-626","Anti-Tarnish Artificial Jewellery","","2026-08-02 09:20:44","https://www.kaapav.com/web/image/product.template/626/image_1920?unique=2758ef9","https://pub-e8a17aa027ff420f83623e808512141f.r2.dev/1778331198939_0501022 (2).jpg","","","",""
"501017","White Geometric Drop Earrings – Artificial Yellow Gold","Earrings","","299","499","3","0","Enabled","No","https://www.kaapav.com/web/image/product.template/621/image_1920?unique=318a489","https://www.kaapav.com/shop/all-jewellery-earrings-21/0501017-white-geometric-drop-earrings-artificial-yellow-gold-621","Anti-Tarnish Artificial Jewellery","","2026-08-02 09:20:44","https://www.kaapav.com/web/image/product.template/621/image_1920?unique=318a489","https://pub-e8a17aa027ff420f83623e808512141f.r2.dev/1778331025693_0501017 (2).jpg","","","",""
"0202001","Black & White Circle Bracelet – Artificial Rose Gold","bracelet","","499","999","4","0","Enabled","No","https://pub-e8a17aa027ff420f83623e808512141f.r2.dev/1778326114250_0202001.jpg","https://www.kaapav.com/shop/all-jewellery-bracelets-13/0202001-black-white-circle-bracelet-artificial-rose-gold-479","","Bestseller","2026-05-09 11:28:37","https://pub-e8a17aa027ff420f83623e808512141f.r2.dev/1778326114250_0202001.jpg","https://pub-e8a17aa027ff420f83623e808512141f.r2.dev/1778326113736_0202001 (2).jpg","","","",""
"303024","Rotating Pearl Floral Necklace – Artificial White Gold","Necklaces","","499","999","3","0","Enabled","No","https://www.kaapav.com/web/image/product.template/636/image_1920?unique=2a2002e","https://www.kaapav.com/shop/all-jewellery-necklace-19/0303023-rotating-pearl-floral-necklace-artificial-white-gold-636","","On Offer","2026-05-09 13:30:15","https://www.kaapav.com/web/image/product.template/636/image_1920?unique=2a2002e","https://pub-e8a17aa027ff420f83623e808512141f.r2.dev/1778333360034_0303024 (2).jpg","","","",""